file,line,method,discovery_reason,status,text
ui/atlas.gd,9,<file>,constant,UNREVIEWED,const CACHE_CAPACITY := 256
ui/atlas.gd,14,<file>,visual_literal,UNREVIEWED,var _frame_scale := Vector2.ONE
ui/atlas.gd,28,load_atlas,visual_literal,UNREVIEWED,"var declared_size := Vector2(float(declared.get(""w"", 0)), float(declared.get(""h"", 0)))"
ui/atlas.gd,51,frame,visual_literal,UNREVIEWED,var scaled_end := Vector2(src.end) * _frame_scale
ui/atlas.gd,52,frame,visual_literal,UNREVIEWED,src.position = Vector2i((Vector2(src.position) * _frame_scale).round())
ui/begin_guide_bar.gd,12,<file>,constant;visual_literal,UNREVIEWED,"const DESIGN_SPACE := Vector2(3840, 2160)"
ui/begin_guide_bar.gd,15,<file>,constant;visual_literal,UNREVIEWED,"const DEFAULT_POSITION := Vector2(2067.3, 65.0)"
ui/begin_guide_bar.gd,16,<file>,constant;visual_literal,UNREVIEWED,"const DEFAULT_SIZE := Vector2(1200, 460)"
ui/begin_guide_bar.gd,17,<file>,constant;visual_literal,UNREVIEWED,"const CLOSE_RECT := Rect2(1149.1, 410.0, 80, 80)"
ui/begin_guide_bar.gd,18,<file>,constant;visual_literal,UNREVIEWED,"const IMAGE_RECT := Rect2(-356, 30, 400, 400)"
ui/begin_guide_bar.gd,19,<file>,constant;visual_literal,UNREVIEWED,"const TEXT_RECT := Rect2(35, 35, 1130, 390)"
ui/begin_guide_bar.gd,20,<file>,constant;visual_literal,UNREVIEWED,"const RING_RECT := Rect2(-263, -219.5, 314, 225)"
ui/begin_guide_bar.gd,41,<file>,constant,UNREVIEWED,"const TEXT_BG_PATH := ""res://assets/original/ui/text_bg_2.png"""
ui/begin_guide_bar.gd,42,<file>,constant,UNREVIEWED,"const CLOSE_TEXTURE_PATH := ""res://assets/original/ui/close_1.png"""
ui/begin_guide_bar.gd,63,_ready,visual_literal,UNREVIEWED,position = Vector2.ZERO
ui/begin_guide_bar.gd,70,apply_source_layout,visual_literal,UNREVIEWED,position = Vector2.ZERO
ui/begin_guide_bar.gd,72,apply_source_layout,visual_literal,UNREVIEWED,"scale = Vector2(view_size.x / DESIGN_SPACE.x, view_size.y / DESIGN_SPACE.y)"
ui/begin_guide_bar.gd,88,_build_source_default,visual_literal,UNREVIEWED,background.position = Vector2.ZERO
ui/begin_guide_bar.gd,114,_build_source_default,visual_literal,UNREVIEWED,"_label.add_theme_color_override(""font_color"", Color(""#000000""))"
ui/cached_events_view.gd,19,<file>,constant;visual_literal,UNREVIEWED,"const DESIGN_SIZE := Vector2(3840, 2160)"
ui/cached_events_view.gd,24,<file>,constant;visual_literal,UNREVIEWED,"const TRAY_RECT := Rect2(0.0, 1352.0, 3840.0, 128.0)"
ui/cached_events_view.gd,30,<file>,constant,UNREVIEWED,const LAYOUT_PADDING_RIGHT := 100.0
ui/cached_events_view.gd,31,<file>,constant,UNREVIEWED,const LAYOUT_SPACING := 50.0
ui/cached_events_view.gd,35,<file>,constant;visual_literal,UNREVIEWED,"const ITEM_SIZE := Vector2(112.5, 117.0)"
ui/cached_events_view.gd,36,<file>,constant;visual_literal,UNREVIEWED,"const ICON_SIZE := Vector2(96.0, 96.0)  # authored 192x192 on a 0.5 child scale"
ui/cached_events_view.gd,37,<file>,constant;visual_literal,UNREVIEWED,"const NEW_DOT_SIZE := Vector2(85.5, 85.5)"
ui/cached_events_view.gd,38,<file>,constant;visual_literal,UNREVIEWED,"const NEW_DOT_POS := Vector2(61.85, -30.05)  # anchors (1,1) pos (-7.9,-12.7)"
ui/cached_events_view.gd,47,<file>,constant,UNREVIEWED,const SHAKE_TIME := 10.0
ui/cached_events_view.gd,48,<file>,constant,UNREVIEWED,const SHAKE_MAX_SPEED := 2.0
ui/cached_events_view.gd,49,<file>,constant,UNREVIEWED,const SHAKE_FREQ := 40.0
ui/cached_events_view.gd,50,<file>,constant;visual_literal,UNREVIEWED,"const SHAKE_AMPLITUDE := Vector2(0.2, -0.2)"
ui/cached_events_view.gd,113,_make_item,visual_literal,UNREVIEWED,icon.position = Vector2(
ui/cached_events_view.gd,130,_make_item,motion,UNREVIEWED,"## padding.right, spacing 50 between item edges, vertically centred in the"
ui/cached_events_view.gd,143,_layout_items,visual_literal,UNREVIEWED,"item.position = Vector2(x, y)"
ui/cached_events_view.gd,186,_unity_rect,declared_gap,UNREVIEWED,## the exact perlin curve is a registered visual approximation).
ui/cached_events_view.gd,197,_unity_rect,visual_literal,UNREVIEWED,var _max_speed := 2.0
ui/cached_events_view.gd,199,_unity_rect,visual_literal,UNREVIEWED,"var _amplitude := Vector2(0.2, -0.2)"
ui/cached_events_view.gd,205,_init,visual_literal,UNREVIEWED,"shake_max_speed: float = 2.0,"
ui/cached_events_view.gd,207,_init,visual_literal,UNREVIEWED,"shake_amplitude: Vector2 = Vector2(0.2, -0.2)"
ui/cached_events_view.gd,234,_process,motion,UNREVIEWED,"# [SRC: Shaker.c Update — time decays toward 0 (SmoothDamp maxSpeed),"
ui/cached_events_view.gd,241,_process,motion,UNREVIEWED,"sin(_shake_phase * 0.37 + _shake_seed * 6.2832),"
ui/cached_events_view.gd,242,_process,motion,UNREVIEWED,sin(_shake_phase * 0.53 + _shake_seed * 12.5664)
ui/cached_events_view.gd,245,_process,visual_literal,UNREVIEWED,"position = _origin + Vector2(n.x * _amplitude.x, n.y * _amplitude.y) * falloff"
ui/card_flash.gdshader,7,<file>,visual_literal,UNREVIEWED,uniform float outline_width = 0.08;
ui/card_info_view.gd,30,_drop_data,constant;visual_literal,UNREVIEWED,"const DESIGN_SIZE := Vector2(3840, 2160)"
ui/card_info_view.gd,31,_drop_data,constant;visual_literal,UNREVIEWED,"const PANEL_SIZE := Vector2(2510, 1077)"
ui/card_info_view.gd,100,_build_panel,visual_literal,UNREVIEWED,_panel.position = (DESIGN_SIZE - PANEL_SIZE) * 0.5
ui/card_info_view.gd,109,_build_panel,visual_literal,UNREVIEWED,"var panel_scale := float(variable.get(""ui_size"", {}).get(preferences.font_size, 1.0))"
ui/card_info_view.gd,111,_build_panel,visual_literal,UNREVIEWED,_panel.scale = Vector2.ONE * panel_scale
ui/card_info_view.gd,143,_apply_layout,visual_literal,UNREVIEWED,_source_canvas.position = Vector2.ZERO
ui/card_info_view.gd,145,_apply_layout,visual_literal,UNREVIEWED,"_source_canvas.scale = Vector2(view_size.x / DESIGN_SIZE.x, view_size.y / DESIGN_SIZE.y)"
ui/card_info_view.gd,151,_apply_layout,visual_literal,UNREVIEWED,"## y-axis flip; e.g. Content resolves to Rect2(270,80,1550,185) on the panel)."
ui/card_info_view.gd,171,_place,visual_literal,UNREVIEWED,"static func _place(parent: Control, rect: Rect2, node: Control, pivot_scale: Vector2 = Vector2.ONE) -> void:"
ui/card_info_view.gd,217,_build_name,visual_literal,UNREVIEWED,"var rect := _unity_rect(PANEL_SIZE, Vector2(0, 1), Vector2(0, 1), Vector2(1911, -89), Vector2(435.55, 71.58), Vector2(0, 1))"
ui/card_info_view.gd,224,_build_name,visual_literal,UNREVIEWED,"_name_label = _label(str(_card_display_name(card)), 56, Color(""#f2e3c0""))"
ui/card_info_view.gd,232,_build_name,visual_literal,UNREVIEWED,"var type_rect := _unity_rect(rect.size, Vector2.ZERO, Vector2.ZERO, Vector2(0, -10), Vector2(36, 58), Vector2(0, 1))"
ui/card_info_view.gd,233,_build_name,visual_literal,UNREVIEWED,"var type_icon := _texture_rect(""card_type_%s.png"" % str(card.get(""type"", ""item"")), Vector2(36, 58))"
ui/card_info_view.gd,236,_build_name,visual_literal,UNREVIEWED,"_place(_panel, Rect2(rect.position + type_rect.position, type_rect.size), type_icon, Vector2(1.5, 1.5))"
ui/card_info_view.gd,238,_build_name,visual_literal,UNREVIEWED,"var title_rect := _unity_rect(Vector2(36, 58), Vector2(1, 0.5), Vector2(1, 0.5), Vector2(10, 0), Vector2(300, 50), Vector2(0, 0.5))"
ui/card_info_view.gd,241,_build_name,visual_literal,UNREVIEWED,"_title_label = _label(str(card.get(""title"", """")), 30, Color(""#d8c088""))"
ui/card_info_view.gd,244,_build_name,visual_literal,UNREVIEWED,"_place(_panel, Rect2(rect.position + type_rect.position + title_local, title_rect.size), _title_label, Vector2(1.5, 1.5))"
ui/card_info_view.gd,250,_build_content,visual_literal,UNREVIEWED,"var rect := _unity_rect(PANEL_SIZE, Vector2(0, 1), Vector2(1, 1), Vector2(-210, -80), Vector2(-960, 185), Vector2(0.5, 1))"
ui/card_info_view.gd,259,_build_content,visual_literal,UNREVIEWED,"_content_label.add_theme_color_override(""default_color"", Color(""#efe4c2""))"
ui/card_info_view.gd,270,_build_rare,visual_literal,UNREVIEWED,"var rect := _unity_rect(PANEL_SIZE, Vector2(0, 1), Vector2(0, 1), Vector2(144.2, -163.3), Vector2(147, 249), Vector2(0.5, 0.5))"
ui/card_info_view.gd,275,_build_rare,visual_literal,UNREVIEWED,"var rare_bg := _texture_rect(rare_file, Vector2(147, 249))"
ui/card_info_view.gd,283,_build_rare,visual_literal,UNREVIEWED,"var text_rect := _unity_rect(Vector2(147, 249), Vector2(0.5, 0.5), Vector2(0.5, 0.5), Vector2(-13.03, 0), Vector2(120.93, 50), Vector2(0.5, 0.5))"
ui/card_info_view.gd,294,_build_tag_area,visual_literal,UNREVIEWED,"var rect := _unity_rect(PANEL_SIZE, Vector2(0, 0), Vector2(0, 1), Vector2(823.16, -142.69), Vector2(1336.7, -429.24), Vector2(0.5, 0.5))"
ui/card_info_view.gd,300,_build_tag_area,visual_literal,UNREVIEWED,"var state_rect := _unity_rect(rect.size, Vector2(0, 1), Vector2(0, 1), Vector2.ZERO, Vector2(1400, 58.92), Vector2(0, 1))"
ui/card_info_view.gd,305,_build_tag_area,visual_literal,UNREVIEWED,"var state_title := _label(""属性"", 40, Color(""#e8d8a8""))"
ui/card_info_view.gd,308,_build_tag_area,visual_literal,UNREVIEWED,"_place(state_bar, Rect2(0, 0, 200, 50), state_title)"
ui/card_info_view.gd,316,_build_tag_area,visual_literal,UNREVIEWED,"_place(area, Rect2(0.01, 58.915, 1700, 419.49), _state_bar_chips)"
ui/card_info_view.gd,319,_build_tag_area,visual_literal,UNREVIEWED,"var tags_rect := _unity_rect(rect.size, Vector2.ZERO, Vector2.ZERO, Vector2(0, 58.52), Vector2(1400, 102.09), Vector2.ZERO)"
ui/card_info_view.gd,325,_build_tag_area,visual_literal,UNREVIEWED,"var tag_title := _label(""标签"", 40, Color(""#e8d8a8""))"
ui/card_info_view.gd,328,_build_tag_area,visual_literal,UNREVIEWED,"_place(tags_area, Rect2(0, 0, 200, 50), tag_title)"
ui/card_info_view.gd,332,_build_tag_area,visual_literal,UNREVIEWED,"_place(tags_area, Rect2(10, 59.79, 1390, 50), _tag_chips)"
ui/card_info_view.gd,354,_fill_attribute_chips,visual_literal,UNREVIEWED,"chip.size = Vector2(400, 120)"
ui/card_info_view.gd,355,_fill_attribute_chips,visual_literal,UNREVIEWED,"chip.position = Vector2((index % columns) * 420, top + (index / columns) * 120)"
ui/card_info_view.gd,362,_fill_attribute_chips,visual_literal,UNREVIEWED,"icon.position = Vector2(0, 6.8)"
ui/card_info_view.gd,363,_fill_attribute_chips,visual_literal,UNREVIEWED,"icon.size = Vector2(86.4, 86.4)"
ui/card_info_view.gd,365,_fill_attribute_chips,visual_literal,UNREVIEWED,"var title := _label(attr, 30, Color(""#ddd5c4""))"
ui/card_info_view.gd,369,_fill_attribute_chips,visual_literal,UNREVIEWED,"_place(chip, Rect2(98.4, 2, 154, 80), title, Vector2(1.2, 1.2))"
ui/card_info_view.gd,370,_fill_attribute_chips,visual_literal,UNREVIEWED,"var count := _label(str(value), 30, Color(""#ddd5c4""))"
ui/card_info_view.gd,374,_fill_attribute_chips,visual_literal,UNREVIEWED,"var arrow := _texture_rect(""upper.png"" if diff > 0 else ""lower.png"", Vector2(23, 32))"
ui/card_info_view.gd,376,_fill_attribute_chips,visual_literal,UNREVIEWED,"_place(chip, Rect2(31.7, 54.76, 27.6, 38.4), arrow)"
ui/card_info_view.gd,381,_fill_attribute_chips,visual_literal,UNREVIEWED,"_place(chip, Rect2(283.2, 2, 66, 80), count, Vector2(1.2, 1.2))"
ui/card_info_view.gd,394,_fill_tag_chips,visual_literal,UNREVIEWED,"var chip := _label(str(node[""_source_name""]), 30, Color(""#ddd5c4""))"
ui/card_info_view.gd,396,_fill_tag_chips,visual_literal,UNREVIEWED,"chip.size = Vector2(60, 40)"
ui/card_info_view.gd,397,_fill_tag_chips,visual_literal,UNREVIEWED,"chip.position = Vector2(x, y)"
ui/card_info_view.gd,410,_fill_state_icons,visual_literal,UNREVIEWED,"row.position = Vector2(title.get_minimum_size().x + 10, 15.92)"
ui/card_info_view.gd,416,_fill_state_icons,visual_literal,UNREVIEWED,"var icon := _texture_rect(file_name, Vector2(43, 43))"
ui/card_info_view.gd,424,_tag_chip,visual_literal,UNREVIEWED,"chip.add_theme_stylebox_override(""panel"", _colored_text_style(Color(0.08, 0.06, 0.04, 0.65), Color(0.5, 0.38, 0.2, 0.8)))"
ui/card_info_view.gd,425,_tag_chip,visual_literal,UNREVIEWED,"var content := _label(text, font_size, Color(""#f4e6c0""))"
ui/card_info_view.gd,433,_tag_chip,visual_literal,UNREVIEWED,"chip.custom_minimum_size = Vector2(60, 40)"
ui/card_info_view.gd,434,_tag_chip,visual_literal,UNREVIEWED,"chip.size = Vector2(60, 40)"
ui/card_info_view.gd,436,_tag_chip,visual_literal,UNREVIEWED,"chip.size = Vector2(maxf(64.0, content.get_minimum_size().x + 24.0), 40.0)"
ui/card_info_view.gd,444,_build_main_icon,visual_literal,UNREVIEWED,"var rect := _unity_rect(PANEL_SIZE, Vector2(0.5, 0.5), Vector2(0.5, 0.5), Vector2(1020, 89), Vector2(1000, 1100), Vector2(0.5, 0.5))"
ui/card_info_view.gd,450,_build_main_icon,visual_literal,UNREVIEWED,"var icon_rect := _unity_rect(rect.size, Vector2(0.5, 0), Vector2(0.5, 0), Vector2(-30, 431), Vector2(471, 1028), Vector2(0.5, 0.5))"
ui/card_info_view.gd,472,_build_decorate,visual_literal,UNREVIEWED,"var rect := _unity_rect(PANEL_SIZE, Vector2(0.5, 0.5), Vector2(0.5, 0.5), Vector2(1108, -364), Vector2(250, 323), Vector2(0.5, 0.5))"
ui/card_info_view.gd,473,_build_decorate,visual_literal,UNREVIEWED,"var decorate := _texture_rect(""decorate.png"", Vector2(250, 323))"
ui/card_info_view.gd,482,_build_equips,visual_literal,UNREVIEWED,"var rect := _unity_rect(PANEL_SIZE, Vector2(1, 0.5), Vector2(1, 0.5), Vector2(-680, -100), Vector2(402.65, 500.57), Vector2(0.5, 0.5))"
ui/card_info_view.gd,507,_build_equips,visual_literal,UNREVIEWED,"var origin := Vector2(260, -50) if column == 0 else Vector2(150, -150)"
ui/card_info_view.gd,508,_build_equips,visual_literal,UNREVIEWED,"var step := Vector2(20, 100) if column == 0 else Vector2(5, 125)"
ui/card_info_view.gd,511,_build_equips,visual_literal,UNREVIEWED,"widget.position = rect.size * 0.5 + Vector2(source_pos.x, -source_pos.y) - widget.pivot_offset"
ui/card_info_view.gd,516,_build_equips,visual_literal,UNREVIEWED,"var state_rect := _unity_rect(PANEL_SIZE, Vector2(1, 1), Vector2(1, 1), Vector2(-442, -34.5), Vector2(354.22, 100), Vector2(0.5, 0.5))"
ui/card_info_view.gd,548,_fill_equipment_slots,visual_literal,UNREVIEWED,"var slot_view := _texture_rect(""equip_slot.png"", Vector2(60, 63))"
ui/card_info_view.gd,552,_fill_equipment_slots,visual_literal,UNREVIEWED,"_place(parent, Rect2(index * 80, 18.5, 60, 63), slot_view)"
ui/card_info_view.gd,554,_fill_equipment_slots,visual_literal,UNREVIEWED,"var type_icon := _texture_rect(str(sprites[code][1 if occupied else 0]) + "".png"", Vector2(36, 58))"
ui/card_info_view.gd,556,_fill_equipment_slots,visual_literal,UNREVIEWED,"_place(slot_view, Rect2(12, 2.5, 36, 58), type_icon)"
ui/card_info_view.gd,564,_equip_row,visual_literal,UNREVIEWED,"var icon := _texture_rect(""equip_slot.png"", Vector2(60, 63))"
ui/card_info_view.gd,568,_equip_row,visual_literal,UNREVIEWED,"var name_label := _label(""%s  %s"" % [slot if not slot.is_empty() else ""附着"", str(equipment.get(""name"", equipment.get(""id"", ""?"")))], 30, Color(""#efe4c2""))"
ui/card_info_view.gd,579,_build_close,visual_literal,UNREVIEWED,"var rect := _unity_rect(PANEL_SIZE, Vector2(1, 1), Vector2(1, 1), Vector2(-80.2, -82), Vector2(80, 82), Vector2(0.5, 0.5))"
ui/card_info_view.gd,600,_build_close,visual_literal,UNREVIEWED,"icon.size = Vector2(43, 37)"
ui/card_info_view.gd,601,_build_close,visual_literal,UNREVIEWED,"icon.position = Vector2((80 - 43) * 0.5, (82 - 37) * 0.5)"
ui/card_info_view.gd,612,_build_help_button,visual_literal,UNREVIEWED,"var rect := _unity_rect(PANEL_SIZE, Vector2(1, 0), Vector2(1, 0), Vector2(-23, 67), Vector2(88, 91), Vector2(0.5, 0.5))"
ui/card_info_view.gd,627,_build_help_button,visual_literal,UNREVIEWED,"icon.size = Vector2(88, 91)"
ui/card_info_view.gd,628,_build_help_button,visual_literal,UNREVIEWED,icon.position = Vector2.ZERO
ui/card_info_view.gd,645,_toggle_help,visual_literal,UNREVIEWED,_help_overlay.position = Vector2.ZERO
ui/card_info_view.gd,652,_toggle_help,visual_literal,UNREVIEWED,"mask.color = Color(0, 0, 0, 0.5019608)"
ui/card_info_view.gd,653,_toggle_help,visual_literal,UNREVIEWED,"mask.position = (DESIGN_SIZE - Vector2(10000, 10000)) * 0.5"
ui/card_info_view.gd,654,_toggle_help,visual_literal,UNREVIEWED,"mask.size = Vector2(10000, 10000)"
ui/card_info_view.gd,666,_toggle_help,visual_literal,UNREVIEWED,"_help_overlay.add_child(_help_bubble(""RARE"", Vector2(670, 340), Vector2(600, 200), VERTICAL_ALIGNMENT_BOTTOM))"
ui/card_info_view.gd,667,_toggle_help,visual_literal,UNREVIEWED,"_help_overlay.add_child(_help_bubble(""MAIN"", Vector2(1348, 1336), Vector2(600, 200)))"
ui/card_info_view.gd,668,_toggle_help,visual_literal,UNREVIEWED,"_help_overlay.add_child(_help_bubble(""EQUIP"", Vector2(2133.4, 1380), Vector2(1114.6, 200)))"
ui/card_info_view.gd,669,_toggle_help,visual_literal,UNREVIEWED,"_help_overlay.add_child(_help_bubble(""EQUIP_SLOT"", Vector2(2056, 310), Vector2(1200, 200), VERTICAL_ALIGNMENT_BOTTOM))"
ui/card_info_view.gd,683,_help_bubble,visual_literal,UNREVIEWED,"bubble.add_theme_color_override(""default_color"", Color(0.94509804, 0.87163, 0.7504079))"
ui/card_metal.gdshader,12,<file>,visual_literal,UNREVIEWED,uniform float bump_scale = 0.3680556;
ui/card_metal.gdshader,13,<file>,visual_literal,UNREVIEWED,uniform float gloss_scale = 0.75;
ui/card_metal.gdshader,18,<file>,visual_literal,UNREVIEWED,uniform float camera_half_height = 5.0;
ui/card_widget.gd,31,<file>,constant;visual_literal,UNREVIEWED,"const CARD_SIZE := Vector2(194, 422)"
ui/card_widget.gd,32,<file>,constant;visual_literal,UNREVIEWED,"const SUDAN_CARD_SIZE := Vector2(185, 330)"
ui/card_widget.gd,37,<file>,constant,UNREVIEWED,const SELECTED_LIFT := 50.0
ui/card_widget.gd,38,<file>,constant,UNREVIEWED,const HOVER_Z_INDEX := 20
ui/card_widget.gd,42,<file>,constant,UNREVIEWED,const DRAG_Z_INDEX := 300
ui/card_widget.gd,44,<file>,constant,UNREVIEWED,const HOLD_HINT_SECONDS := 0.2
ui/card_widget.gd,54,<file>,visual_literal,UNREVIEWED,var _press_position := Vector2.ZERO
ui/card_widget.gd,56,<file>,visual_literal,UNREVIEWED,var _drag_selected_position := Vector2.ZERO
ui/card_widget.gd,58,<file>,visual_literal,UNREVIEWED,var _drag_selected_scale := Vector2.ONE
ui/card_widget.gd,73,<file>,motion,UNREVIEWED,var _pose_tween: Tween
ui/card_widget.gd,80,<file>,visual_literal,UNREVIEWED,var _candidate_scale := 1.0
ui/card_widget.gd,81,<file>,visual_literal,UNREVIEWED,var _hand_height_extra := 0.0
ui/card_widget.gd,82,<file>,visual_literal,UNREVIEWED,var _applied_candidate_scale := 1.0
ui/card_widget.gd,113,set_candidate_highlight,visual_literal,UNREVIEWED,_candidate_scale = 1.1 if matches else 1.0
ui/card_widget.gd,120,reset_candidate_scale,visual_literal,UNREVIEWED,_candidate_scale = 1.0
ui/card_widget.gd,131,_advance_card_flash,visual_literal,UNREVIEWED,"# [SRC: CardFlashController.Update 0x52e330; CardNew.prefab speed=3,"
ui/card_widget.gd,166,_apply_metal_surface,visual_literal,UNREVIEWED,"var emission: Vector3 = [Vector3(0.14150941, 0.14150941, 0.14150941),"
ui/card_widget.gd,167,_apply_metal_surface,visual_literal,UNREVIEWED,"Vector3(0.0, 0.04861112, 0.11458), Vector3.ZERO,"
ui/card_widget.gd,168,_apply_metal_surface,visual_literal,UNREVIEWED,"Vector3(0.04513899, 0.04513899, 0.02083)][tier]"
ui/card_widget.gd,170,_apply_metal_surface,visual_literal,UNREVIEWED,"emission = Vector3(0.0, 0.02430556, 0.08333)"
ui/card_widget.gd,206,_ready,visual_literal,UNREVIEWED,"offset_transform_pivot_ratio = Vector2(0.5, 0.5)"
ui/card_widget.gd,215,set_hand_pose,visual_literal,UNREVIEWED,"func set_hand_pose(target_position: Vector2, target_rotation: float, order: int) -> void:"
ui/card_widget.gd,217,set_hand_pose,visual_literal,UNREVIEWED,_hand_height_extra = 0.0
ui/card_widget.gd,246,set_presentation_paused,motion,UNREVIEWED,_kill_pose_tween()
ui/card_widget.gd,279,set_hand_draw_order,motion,UNREVIEWED,"## There is no right-deck travel, stagger or alpha tween in this chain."
ui/card_widget.gd,285,play_deal_in,motion,UNREVIEWED,_kill_pose_tween()
ui/card_widget.gd,294,play_hand_reflow,visual_literal,UNREVIEWED,"_source_scale: Vector2 = Vector2.ZERO,"
ui/card_widget.gd,299,play_hand_reflow,motion,UNREVIEWED,_kill_pose_tween()
ui/card_widget.gd,303,_kill_pose_tween,motion,UNREVIEWED,func _kill_pose_tween() -> void:
ui/card_widget.gd,304,_kill_pose_tween,motion,UNREVIEWED,if _pose_tween != null and _pose_tween.is_valid():
ui/card_widget.gd,305,_kill_pose_tween,motion,UNREVIEWED,_pose_tween.kill()
ui/card_widget.gd,306,_kill_pose_tween,motion,UNREVIEWED,_pose_tween = null
ui/card_widget.gd,311,_finish_hand_motion,motion,UNREVIEWED,_pose_tween = null
ui/card_widget.gd,312,_finish_hand_motion,visual_literal,UNREVIEWED,offset_transform_position = Vector2.ZERO
ui/card_widget.gd,314,_finish_hand_motion,visual_literal,UNREVIEWED,offset_transform_scale = Vector2.ONE
ui/card_widget.gd,336,_style_for_card,visual_literal,UNREVIEWED,"style.bg_color = Color(""#ead69a"")"
ui/card_widget.gd,343,_style_for_card,visual_literal,UNREVIEWED,"style.bg_color = Color(""#f5e5b4"")"
ui/card_widget.gd,347,_get_drag_data,visual_literal,UNREVIEWED,func _get_drag_data(at_position: Vector2) -> Variant:
ui/card_widget.gd,355,_get_drag_data,visual_literal,UNREVIEWED,_drag_selected_position = Vector2.ZERO
ui/card_widget.gd,357,_get_drag_data,visual_literal,UNREVIEWED,_drag_selected_scale = Vector2.ONE
ui/card_widget.gd,386,normalized_drag_grab_offset,visual_literal,UNREVIEWED,func normalized_drag_grab_offset(at_position: Vector2) -> Vector2:
ui/card_widget.gd,395,_drag_descendant_bounds,visual_literal,UNREVIEWED,"var bounds := Rect2(relative * Vector2.ZERO, Vector2.ZERO)"
ui/card_widget.gd,396,_drag_descendant_bounds,visual_literal,UNREVIEWED,"for corner in [Vector2(node.size.x, 0), node.size, Vector2(0, node.size.y)]:"
ui/card_widget.gd,434,_can_drop_data,visual_literal,UNREVIEWED,"func _can_drop_data(at_position: Vector2, data: Variant) -> bool:"
ui/card_widget.gd,454,_drop_data,visual_literal,UNREVIEWED,"func _drop_data(at_position: Vector2, data: Variant) -> void:"
ui/card_widget.gd,468,_drop_target_point,visual_literal,UNREVIEWED,"func _drop_target_point(target: Node, at_position: Vector2) -> Vector2:"
ui/card_widget.gd,567,_hide_source_for_drag,motion,UNREVIEWED,_kill_pose_tween()
ui/card_widget.gd,570,_hide_source_for_drag,visual_literal,UNREVIEWED,offset_transform_position = Vector2.ZERO
ui/card_widget.gd,571,_hide_source_for_drag,visual_literal,UNREVIEWED,offset_transform_scale = Vector2.ONE
ui/card_widget.gd,591,make_drag_preview,visual_literal,UNREVIEWED,"initial_position: Vector2 = Vector2.ZERO,"
ui/card_widget.gd,593,make_drag_preview,visual_literal,UNREVIEWED,"initial_scale: Vector2 = Vector2.ONE,"
ui/card_widget.gd,600,make_drag_preview,visual_literal,UNREVIEWED,"modulate = Color(1, 1, 1, 0.6)"
ui/card_widget.gd,603,make_drag_preview,visual_literal,UNREVIEWED,"offset_transform_pivot_ratio = Vector2(0.5, 0.5)"
ui/card_widget.gd,636,_apply_rest_pose,motion,UNREVIEWED,_kill_pose_tween()
ui/card_widget.gd,637,_apply_rest_pose,visual_literal,UNREVIEWED,"var base_position := position + Vector2(0, _hand_height_extra * (_applied_candidate_scale + 1.0) * 0.5)"
ui/card_widget.gd,638,_apply_rest_pose,visual_literal,UNREVIEWED,"_hand_height_extra = 100.0 if drag_source == ""hand"" and (_hover_lifted or _selected) else 0.0"
ui/card_widget.gd,640,_apply_rest_pose,visual_literal,UNREVIEWED,"size = _card_size + Vector2(0, _hand_height_extra)"
ui/card_widget.gd,642,_apply_rest_pose,visual_literal,UNREVIEWED,"position = base_position - Vector2(0, _hand_height_extra * (_candidate_scale + 1.0) * 0.5)"
ui/card_widget.gd,644,_apply_rest_pose,visual_literal,UNREVIEWED,scale = Vector2.ONE * _candidate_scale
ui/card_widget.gd,646,_apply_rest_pose,visual_literal,UNREVIEWED,"_visual_face.position = Vector2(0, _hand_height_extra * 0.5)"
ui/card_widget.gd,647,_apply_rest_pose,visual_literal,UNREVIEWED,offset_transform_position = Vector2.ZERO
ui/card_widget.gd,649,_apply_rest_pose,visual_literal,UNREVIEWED,offset_transform_scale = Vector2.ONE
ui/card_widget.gd,693,_surface_color,visual_literal,UNREVIEWED,"return Color(0.83137256, 0.7647059, 0.79607844, 1)"
ui/card_widget.gd,695,_surface_color,visual_literal,UNREVIEWED,"2: return Color(0.7048611, 0.8541666, 1, 1)"
ui/card_widget.gd,696,_surface_color,visual_literal,UNREVIEWED,"3: return Color(0.944445, 0.8506945, 0.798611, 1)"
ui/card_widget.gd,697,_surface_color,visual_literal,UNREVIEWED,"4: return Color(1, 0.8333333, 0.63888, 1)"
ui/card_widget.gd,698,_surface_color,visual_literal,UNREVIEWED,"_: return Color(0.6901961, 0.6039216, 0.92156863, 1)"
ui/card_widget.gd,731,_rebuild,visual_literal,UNREVIEWED,"var selection_outline := _face_texture(""Outline"", load(""res://assets/original/ui/card_outline_new.png""), Rect2(-31, -73.5, 256, 525))"
ui/card_widget.gd,733,_rebuild,visual_literal,UNREVIEWED,"var background := _face_texture(""RarityFrame"", _rarity_frame_texture(), Rect2(Vector2.ZERO, CARD_SIZE))"
ui/card_widget.gd,738,_rebuild,visual_literal,UNREVIEWED,"_face_texture(""CardArt"", art_texture, Rect2(Vector2.ZERO, CARD_SIZE))"
ui/card_widget.gd,742,_rebuild,visual_literal,UNREVIEWED,"title.position = Vector2(9.5, 15)"
ui/card_widget.gd,743,_rebuild,visual_literal,UNREVIEWED,"title.size = Vector2(175, 40)"
ui/card_widget.gd,758,_rebuild,visual_literal,UNREVIEWED,"var foreground := _face_texture(""Foreground"", load(""res://assets/original/ui/%s_f.png"" % tier), Rect2(Vector2.ZERO, CARD_SIZE))"
ui/card_widget.gd,767,_rebuild,visual_literal,UNREVIEWED,"_face_texture(""Flash"", load(""res://assets/original/ui/card_outline.png""), Rect2(Vector2(-31, -45), Vector2(256, 512)))"
ui/card_widget.gd,786,_rebuild,visual_literal,UNREVIEWED,"var badge_rect := Rect2(59.5, 332, 75, 78) if item_badge else Rect2(57, 332, 80, 80)"
ui/card_widget.gd,788,_rebuild,visual_literal,UNREVIEWED,"badge.add_child(_source_number(""Count"", str(count), 58.0, Rect2(Vector2.ZERO, badge_rect.size)))"
ui/card_widget.gd,793,_rebuild,visual_literal,UNREVIEWED,"var life_bg := _face_texture(""LifeBg"", load(""res://assets/original/ui/bg_green.png""), Rect2(57.5, -45, 98, 45))"
ui/card_widget.gd,796,_rebuild,visual_literal,UNREVIEWED,"clock.position = Vector2(-19, 1.5)"
ui/card_widget.gd,797,_rebuild,visual_literal,UNREVIEWED,"clock.size = Vector2(38, 42)"
ui/card_widget.gd,808,_rebuild,visual_literal,UNREVIEWED,"dot.position = Vector2(-7.2, 23.1)"
ui/card_widget.gd,809,_rebuild,visual_literal,UNREVIEWED,"dot.size = Vector2(50, 30)"
ui/card_widget.gd,818,_rebuild,visual_literal,UNREVIEWED,"Rect2(24, -2.5, 74, 50)"
ui/card_widget.gd,827,_source_number,visual_literal,UNREVIEWED,"func _source_number(node_name: String, value: String, glyph_height: float, rect: Rect2) -> Control:"
ui/card_widget.gd,928,_rarity_color,visual_literal,UNREVIEWED,"return Color(""#b28755"")"
ui/card_widget.gd,930,_rarity_color,visual_literal,UNREVIEWED,"return Color(""#bcc7d4"")"
ui/card_widget.gd,934,_rarity_color,visual_literal,UNREVIEWED,"return Color(""#d9d3ff"")"
ui/change_name_view.gd,15,<file>,constant;visual_literal,UNREVIEWED,"const DESIGN_SPACE := Vector2(3840, 2160)"
ui/change_name_view.gd,17,<file>,constant;visual_literal,UNREVIEWED,"const BAR_SIZE := Vector2(2534.3967, 0.0) # authored sizeDelta before layout"
ui/change_name_view.gd,19,<file>,constant;visual_literal,UNREVIEWED,"const CONTENT_PADDING := Vector4(270, 200, 300, 400) # left/top/right/bottom"
ui/change_name_view.gd,20,<file>,constant;visual_literal,UNREVIEWED,"const INPUT_SIZE := Vector2(826, 90)"
ui/change_name_view.gd,21,<file>,constant,UNREVIEWED,const MAX_NAME_LENGTH := 20
ui/change_name_view.gd,43,_build,visual_literal,UNREVIEWED,bar.position = (DESIGN_SPACE - BAR_SIZE) * 0.5
ui/change_name_view.gd,52,_build,visual_literal,UNREVIEWED,bg.position = Vector2.ZERO
ui/change_name_view.gd,60,_build,visual_literal,UNREVIEWED,"var content_rect := _unity_rect(BAR_SIZE, Vector2(0, 0), Vector2(0, 0), Vector2(0, 0), Vector2(0, 0), Vector2(0.5, 0))"
ui/change_name_view.gd,64,_build,visual_literal,UNREVIEWED,"text.size = Vector2(BAR_SIZE.x - CONTENT_PADDING.x - CONTENT_PADDING.z, 0)"
ui/change_name_view.gd,73,_build,visual_literal,UNREVIEWED,"text.add_theme_color_override(""default_color"", Color(0.8627451, 0.8117647, 0.6039216, 1))"
ui/change_name_view.gd,81,_build,visual_literal,UNREVIEWED,"var input_rect := _unity_rect(text.size, Vector2(0.5, 0), Vector2(0.5, 0), Vector2(0, -36), INPUT_SIZE, Vector2(0.5, 1))"
ui/change_name_view.gd,90,_build,visual_literal,UNREVIEWED,input.position = Vector2.ZERO
ui/change_name_view.gd,95,_build,visual_literal,UNREVIEWED,"input.add_theme_color_override(""font_color"", Color(1, 0.9764706, 0.6862745, 1))"
ui/change_name_view.gd,97,_build,visual_literal,UNREVIEWED,"input.add_theme_color_override(""font_placeholder_color"", Color(0.8113208, 0.8113208, 0.8113208, 0.5))"
ui/change_name_view.gd,115,_build,visual_literal,UNREVIEWED,"var error_rect := _unity_rect(text.size, Vector2(0.5, 0.5), Vector2(0.5, 0.5), Vector2(0, -227), Vector2(324, 48), Vector2(0.5, 0))"
ui/change_name_view.gd,122,_build,visual_literal,UNREVIEWED,"error.add_theme_color_override(""font_color"", Color(""#e06a4e""))"
ui/change_name_view.gd,128,_build,visual_literal,UNREVIEWED,"var icon_rect := _unity_rect(BAR_SIZE, Vector2(1, 0), Vector2(1, 0), Vector2(-274, 66), Vector2(471, 1028), Vector2(0.5, 0))"
ui/change_name_view.gd,139,_build,visual_literal,UNREVIEWED,"var border_rect := _unity_rect(BAR_SIZE, Vector2(1, 0), Vector2(1, 0), Vector2(-120.5, 162.25), Vector2(236, 324), Vector2(0.5, 0.5))"
ui/change_name_view.gd,152,_build,visual_literal,UNREVIEWED,"var confirm_rect := _unity_rect(BAR_SIZE, Vector2(1, 0), Vector2(1, 0), Vector2(-447.7, 79), Vector2(325, 158), Vector2(0.5, 0.5))"
ui/change_name_view.gd,158,_build,visual_literal,UNREVIEWED,"var cancel_rect := _unity_rect(BAR_SIZE, Vector2(1, 0), Vector2(1, 0), Vector2(-705, 79), Vector2(168, 158), Vector2(0.5, 0.5))"
ui/change_name_view.gd,167,_build,visual_literal,UNREVIEWED,"cancel_text.add_theme_color_override(""font_color"", Color(0.8666667, 0.8666667, 0.8, 0))"
ui/change_name_view.gd,193,_layout_prompt,visual_literal,UNREVIEWED,bar.position = (DESIGN_SPACE - bar.size) * 0.5
ui/change_name_view.gd,194,_layout_prompt,visual_literal,UNREVIEWED,"text.position = Vector2(CONTENT_PADDING.x, CONTENT_PADDING.y)"
ui/change_name_view.gd,200,_layout_prompt,visual_literal,UNREVIEWED,"input.position = _unity_rect(text.size, Vector2(0.5, 0), Vector2(0.5, 0),"
ui/change_name_view.gd,201,_layout_prompt,visual_literal,UNREVIEWED,"Vector2(0, -36), INPUT_SIZE, Vector2(0.5, 1)).position"
ui/change_name_view.gd,203,_layout_prompt,visual_literal,UNREVIEWED,"error.position = _unity_rect(text.size, Vector2(0.5, 0.5), Vector2(0.5, 0.5),"
ui/change_name_view.gd,204,_layout_prompt,visual_literal,UNREVIEWED,"Vector2(0, -227), Vector2(324, 48), Vector2(0.5, 0)).position"
ui/change_name_view.gd,222,_stamp_button,visual_literal,UNREVIEWED,icon.position = Vector2.ZERO
ui/change_name_view.gd,276,_apply_layout,visual_literal,UNREVIEWED,child.position = Vector2.ZERO
ui/change_name_view.gd,278,_apply_layout,visual_literal,UNREVIEWED,"child.scale = Vector2(view_size.x / DESIGN_SPACE.x, view_size.y / DESIGN_SPACE.y)"
ui/credits_controller.gd,15,<file>,constant;visual_literal,UNREVIEWED,"const DESIGN_SPACE := Vector2(3840, 2160)"
ui/credits_controller.gd,49,_build_source_surface,visual_literal,UNREVIEWED,"_design.add_child(_texture(""Background"", Rect2(Vector2.ZERO, DESIGN_SPACE), ""bg_2.png""))"
ui/credits_controller.gd,63,_build_source_surface,visual_literal,UNREVIEWED,"var close := _button(""Close"", Rect2(3717.4, 45.6, 80, 82), ""checkbox_bg.png"")"
ui/credits_controller.gd,64,_build_source_surface,visual_literal,UNREVIEWED,"close.add_child(_texture(""x"", Rect2(18.5, 22.5, 43, 37), ""close_2.png""))"
ui/credits_controller.gd,67,_build_source_surface,visual_literal,UNREVIEWED,"_prev = _button(""PageLeft"", Rect2(1636, 1862, 168, 156), ""page_left.png"")"
ui/credits_controller.gd,70,_build_source_surface,visual_literal,UNREVIEWED,"_next = _button(""PageRight"", Rect2(2036, 1862, 168, 156), ""page_right_0.png"")"
ui/credits_controller.gd,143,_layout_design,visual_literal,UNREVIEWED,"_design.scale = Vector2(view_size.x / DESIGN_SPACE.x, view_size.y / DESIGN_SPACE.y)"
ui/credits_group.gd,11,setup,visual_literal,UNREVIEWED,"size = Vector2(1400, 1300)"
ui/credits_group.gd,18,setup,visual_literal,UNREVIEWED,"title.position = Vector2(200, 0)"
ui/credits_group.gd,19,setup,visual_literal,UNREVIEWED,"title.size = Vector2(1000, 50)"
ui/credits_group.gd,27,setup,visual_literal,UNREVIEWED,"separator.position = Vector2(200, 70)"
ui/credits_group.gd,28,setup,visual_literal,UNREVIEWED,"separator.size = Vector2(1000, 28)"
ui/credits_group.gd,43,setup,visual_literal,UNREVIEWED,"row.position = Vector2(0, y)"
ui/credits_group.gd,44,setup,visual_literal,UNREVIEWED,"row.size = Vector2(1400, 52)"
ui/credits_group.gd,45,setup,visual_literal,UNREVIEWED,"row.add_child(_label(""Left"", str(member.get(""job"", """")), Rect2(0, 0, 700, 52), HORIZONTAL_ALIGNMENT_LEFT))"
ui/credits_group.gd,46,setup,visual_literal,UNREVIEWED,"row.add_child(_label(""Right"", str(member.get(""name"", """")), Rect2(700, 0, 700, 52), HORIZONTAL_ALIGNMENT_RIGHT))"
ui/credits_group.gd,60,_label,visual_literal,UNREVIEWED,"view.add_theme_color_override(""font_color"", Color(0.70980394, 0.65882355, 0.46274513, 1.0))"
ui/credits_member.gd,15,setup,visual_literal,UNREVIEWED,"authored_scale: Vector2, authored_rotation: float) -> void:"
ui/credits_member.gd,17,setup,visual_literal,UNREVIEWED,"size = Vector2(272, 356)"
ui/credits_member.gd,18,setup,visual_literal,UNREVIEWED,"position = Vector2(1920 + authored_pos.x - 136, 1080 - authored_pos.y - 178)"
ui/credits_member.gd,23,setup,visual_literal,UNREVIEWED,"add_child(_texture(""bg"", Rect2(0, 0, 272, 356), ""member_bg.png""))"
ui/credits_member.gd,26,setup,visual_literal,UNREVIEWED,"desc.position = Vector2(30, 60)"
ui/credits_member.gd,27,setup,visual_literal,UNREVIEWED,"desc.size = Vector2(212, 236)"
ui/credits_member.gd,35,setup,visual_literal,UNREVIEWED,"_face = _texture(""face"", Rect2(2, 0, 268, 356), ""%s.png"" % face_name)"
ui/credits_member.gd,37,setup,visual_literal,UNREVIEWED,"add_child(_texture(""border"", Rect2(-3, -3, 278, 362), ""member_border.png""))"
ui/credits_page.gd,8,<file>,constant;visual_literal,UNREVIEWED,"const DESIGN_SPACE := Vector2(3840, 2160)"
ui/credits_page.gd,9,<file>,constant;visual_literal,UNREVIEWED,"const SOURCE_GOLD := Color(0.70980394, 0.65882355, 0.46274513, 1.0)"
ui/credits_page.gd,13,<file>,visual_literal,UNREVIEWED,var page_position := 0
ui/credits_page.gd,30,setup_page,visual_literal,UNREVIEWED,"_title = label(""TitleText"", title, Rect2(), 140)"
ui/credits_page.gd,34,setup_page,visual_literal,UNREVIEWED,"var title_width := 420.01 if type == ""developer"" else 560.01"
ui/credits_page.gd,35,setup_page,visual_literal,UNREVIEWED,"_title.position = Vector2((DESIGN_SPACE.x - title_width) * 0.5, 160)"
ui/credits_page.gd,36,setup_page,visual_literal,UNREVIEWED,"_title.size = Vector2(title_width, 200)"
ui/credits_page.gd,37,setup_page,visual_literal,UNREVIEWED,"_title_border.position = Vector2((DESIGN_SPACE.x - title_width - 408.0) * 0.5, 164)"
ui/credits_page.gd,38,setup_page,visual_literal,UNREVIEWED,"_title_border.size = Vector2(title_width + 408.0, 192)"
ui/credits_page.gd,62,previous,empty_body,UNREVIEWED,pass
ui/credits_page.gd,66,next,empty_body,UNREVIEWED,pass
ui/credits_page_contributor.gd,8,<file>,constant,UNREVIEWED,const PAGE_SIZE := 2
ui/credits_page_contributor.gd,21,show_data,visual_literal,UNREVIEWED,"_layout.position = Vector2(170, 470)"
ui/credits_page_contributor.gd,22,show_data,visual_literal,UNREVIEWED,"_layout.size = Vector2(3500, 1300)"
ui/credits_page_contributor.gd,28,set_page_position,visual_literal,UNREVIEWED,"page_position = maxi(0, value)"
ui/credits_page_contributor.gd,38,set_page_position,visual_literal,UNREVIEWED,"view.position = Vector2(slot * 1750 + 175, 0)"
ui/credits_page_developer.gd,11,<file>,visual_literal,UNREVIEWED,"[""小古"", ""小古"", Vector2(-46, 468), -9.616951],"
ui/credits_page_developer.gd,12,<file>,visual_literal,UNREVIEWED,"[""木难"", ""木难"", Vector2(278, 426), 6.463211],"
ui/credits_page_developer.gd,13,<file>,visual_literal,UNREVIEWED,"[""阿铁"", ""阿铁"", Vector2(578, 350), -11.770662],"
ui/credits_page_developer.gd,14,<file>,visual_literal,UNREVIEWED,"[""小阳"", ""小阳"", Vector2(864, 476), -5.989317],"
ui/credits_page_developer.gd,15,<file>,visual_literal,UNREVIEWED,"[""面面"", ""面面"", Vector2(928, 94), 12.059637],"
ui/credits_page_developer.gd,16,<file>,visual_literal,UNREVIEWED,"[""家瑞"", ""崔家瑞"", Vector2(1168, 320), 2.018372],"
ui/credits_page_developer.gd,17,<file>,visual_literal,UNREVIEWED,"[""ZETA"", ""ZETA"", Vector2(919, -295), 27.202093],"
ui/credits_page_developer.gd,18,<file>,visual_literal,UNREVIEWED,"[""TXT"", ""TXT"", Vector2(1219, -340), 15.899176],"
ui/credits_page_developer.gd,19,<file>,visual_literal,UNREVIEWED,"[""思洁"", ""思洁"", Vector2(682, -492), 9.802511],"
ui/credits_page_developer.gd,20,<file>,visual_literal,UNREVIEWED,"[""咕噜"", ""咕噜"", Vector2(394, -370), 2.322964],"
ui/credits_page_developer.gd,21,<file>,visual_literal,UNREVIEWED,"[""韶韶"", ""韶韶"", Vector2(134, -501), 12.149757],"
ui/credits_page_developer.gd,22,<file>,visual_literal,UNREVIEWED,"[""米米"", ""米米"", Vector2(-167, -572), -12.111596],"
ui/credits_page_developer.gd,23,<file>,visual_literal,UNREVIEWED,"[""阿哞"", ""阿哞"", Vector2(-423, -430), -7.124217],"
ui/credits_page_developer.gd,24,<file>,visual_literal,UNREVIEWED,"[""熊猫老师"", ""熊猫老师"", Vector2(-694, -373), -5.909627],"
ui/credits_page_developer.gd,25,<file>,visual_literal,UNREVIEWED,"[""SNOW2"", ""SNOW2"", Vector2(-942, -223), 0.513610],"
ui/credits_page_developer.gd,26,<file>,visual_literal,UNREVIEWED,"[""雨虹"", ""雨虹"", Vector2(-1181, 112), -8.256573],"
ui/credits_page_developer.gd,27,<file>,visual_literal,UNREVIEWED,"[""跑了猫"", ""跑了猫"", Vector2(-904, 418), 4.086205],"
ui/credits_page_developer.gd,28,<file>,visual_literal,UNREVIEWED,"[""小熊猫"", ""小熊猫"", Vector2(-625, 303), -9.397576],"
ui/credits_page_developer.gd,29,<file>,visual_literal,UNREVIEWED,"[""汝月"", ""汝月"", Vector2(-338, 466), -5.296742],"
ui/credits_page_developer.gd,41,show_data,visual_literal,UNREVIEWED,"add_child(texture_rect(""logo"", Rect2(1430, 946, 980, 268), ""logo.png""))"
ui/credits_page_developer.gd,47,show_data,visual_literal,UNREVIEWED,"view.setup(member_key, member, str(row[1]), row[2], Vector2(0.95, 0.95), float(row[3]))"
ui/credits_page_thanks.gd,10,<file>,constant,UNREVIEWED,const DEFAULT_COLUMNS := 3
ui/credits_page_thanks.gd,11,<file>,constant,UNREVIEWED,const DEFAULT_CELL_SIZE := 13
ui/credits_page_thanks.gd,12,<file>,constant,UNREVIEWED,const DEFAULT_PAGE_SIZE := 40
ui/credits_page_thanks.gd,14,<file>,constant,UNREVIEWED,const SOURCE_LINE_HEIGHT := 312.01 / 4.0
ui/credits_page_thanks.gd,29,show_data,visual_literal,UNREVIEWED,"_desc.position = Vector2(170, 480)"
ui/credits_page_thanks.gd,30,show_data,visual_literal,UNREVIEWED,"_desc.size = Vector2(3500, 96.02)"
ui/credits_page_thanks.gd,39,show_data,visual_literal,UNREVIEWED,"_names.position = Vector2(170, 616.02)"
ui/credits_page_thanks.gd,40,show_data,visual_literal,UNREVIEWED,"_names.size = Vector2(3500, 1223.98)"
ui/credits_page_thanks.gd,48,set_page_position,visual_literal,UNREVIEWED,"page_position = clampi(value, 0, maxi(0, _name_pages.size() - 1))"
ui/credits_page_thanks.gd,113,_render_name_page,visual_literal,UNREVIEWED,"view.position = Vector2(x, float(row_index) * SOURCE_LINE_HEIGHT)"
ui/credits_page_thanks.gd,114,_render_name_page,visual_literal,UNREVIEWED,"view.size = Vector2(3500.0 - x, SOURCE_LINE_HEIGHT)"
ui/credits_page_thanks.gd,132,_tmp_to_bbcode,visual_literal,UNREVIEWED,var font_size := roundi(80.0 * float(match.get_string(1)) / 100.0)
ui/esc_game_panel.gd,18,<file>,constant;visual_literal,UNREVIEWED,"const DESIGN_SPACE := Vector2(3840, 2160)"
ui/esc_game_panel.gd,19,<file>,constant;visual_literal,UNREVIEWED,"const BUTTON_GROUP_SIZE := Vector2(1665, 1036)"
ui/esc_game_panel.gd,20,<file>,constant;visual_literal,UNREVIEWED,"const BUTTON_SIZE := Vector2(668, 174)"
ui/esc_game_panel.gd,21,<file>,constant,UNREVIEWED,const BUTTON_STEP := 199.0 # source VerticalLayoutGroup spacing=25.
ui/esc_game_panel.gd,34,apply_source_layout,visual_literal,UNREVIEWED,position = Vector2.ZERO
ui/esc_game_panel.gd,36,apply_source_layout,visual_literal,UNREVIEWED,"scale = Vector2(view_size.x / DESIGN_SPACE.x, view_size.y / DESIGN_SPACE.y)"
ui/esc_game_panel.gd,42,_build_source_tree,visual_literal,UNREVIEWED,esc_panel.position = Vector2.ZERO
ui/esc_game_panel.gd,50,_build_source_tree,visual_literal,UNREVIEWED,"mask.color = Color(0, 0, 0, 0.6509804)"
ui/esc_game_panel.gd,51,_build_source_tree,visual_literal,UNREVIEWED,mask.position = Vector2.ZERO
ui/esc_game_panel.gd,64,_build_source_tree,visual_literal,UNREVIEWED,"background.position = Vector2(0, 0)"
ui/esc_game_panel.gd,65,_build_source_tree,visual_literal,UNREVIEWED,"background.size = BUTTON_GROUP_SIZE + Vector2(0, 40)"
ui/esc_game_panel.gd,71,_build_source_tree,visual_literal,UNREVIEWED,"group.position = Vector2((DESIGN_SPACE.x - BUTTON_GROUP_SIZE.x) * 0.5, (DESIGN_SPACE.y - BUTTON_GROUP_SIZE.y) * 0.5)"
ui/esc_game_panel.gd,81,_build_source_tree,visual_literal,UNREVIEWED,"_add_source_button(group, ""Settings"", captions.SETTINGS.zhCN, Vector2(498.5, 140), BUTTON_SIZE, settings_requested.emit)"
ui/esc_game_panel.gd,82,_build_source_tree,visual_literal,UNREVIEWED,"_add_source_button(group, ""SaveGame"", captions.USER_ARCHIVE_SAVE.zhCN, Vector2(498.5, 339), BUTTON_SIZE, save_requested.emit)"
ui/esc_game_panel.gd,83,_build_source_tree,visual_literal,UNREVIEWED,"_add_source_button(group, ""SaveAndExit"", captions.SAVE_EXIT.zhCN, Vector2(488.5, 538), Vector2(688, 174), main_menu_requested.emit)"
ui/esc_game_panel.gd,84,_build_source_tree,visual_literal,UNREVIEWED,"_add_source_button(group, ""EndGame"", captions.END_GAME.zhCN, Vector2(498.5, 737), BUTTON_SIZE, end_game_requested.emit)"
ui/esc_game_panel.gd,87,_build_source_tree,visual_literal,UNREVIEWED,"close.position = Vector2(1564, 55)"
ui/esc_game_panel.gd,88,_build_source_tree,visual_literal,UNREVIEWED,"close.size = Vector2(75, 78)"
ui/esc_game_panel.gd,98,_build_source_tree,visual_literal,UNREVIEWED,"close_icon.position = Vector2(16, 20.5)"
ui/esc_game_panel.gd,99,_build_source_tree,visual_literal,UNREVIEWED,"close_icon.size = Vector2(43, 37)"
ui/esc_game_panel.gd,108,_add_source_button,visual_literal,UNREVIEWED,"position: Vector2,"
ui/esc_game_panel.gd,130,_add_source_button,visual_literal,UNREVIEWED,"text.position = Vector2((size.x - 540.0) * 0.5, 37)"
ui/esc_game_panel.gd,131,_add_source_button,visual_literal,UNREVIEWED,"text.size = Vector2(540, 100)"
ui/event_prompt_view.gd,12,<file>,constant;visual_literal,UNREVIEWED,"const DESIGN_SIZE := Vector2(3840, 2160)"
ui/event_prompt_view.gd,17,<file>,constant,UNREVIEWED,const MAX_BODY_HEIGHT := 1300.0
ui/event_prompt_view.gd,18,<file>,constant,UNREVIEWED,const MAX_OPTION_BODY_HEIGHT := 1100.0
ui/event_prompt_view.gd,19,<file>,constant,UNREVIEWED,const OPTION_GAP := 20.0
ui/event_prompt_view.gd,22,<file>,constant;visual_literal,UNREVIEWED,"const OPTION_BG_SIZE := Vector2(2705, 0)"
ui/event_prompt_view.gd,23,<file>,constant;visual_literal,UNREVIEWED,"const FULL_RECT := Rect2(38, 52, 2629, 0)"
ui/event_prompt_view.gd,24,<file>,constant;visual_literal,UNREVIEWED,"const BORDER_RECT := Rect2(2454, 0, 250, 323)"
ui/event_prompt_view.gd,25,<file>,constant;visual_literal,UNREVIEWED,"const CONFIRM_RECT := Rect2(2059.5, 0, 325, 158)"
ui/event_prompt_view.gd,26,<file>,constant;visual_literal,UNREVIEWED,"const TEXT_RECT := Rect2(0, 0, 2000, 0)"
ui/event_prompt_view.gd,28,<file>,constant;visual_literal,UNREVIEWED,"const OPTION_ROW_SIZE := Vector2(2000, 112)"
ui/event_prompt_view.gd,29,<file>,constant,UNREVIEWED,const OPTION_ROW_STRIDE := 132.0
ui/event_prompt_view.gd,30,<file>,constant,UNREVIEWED,const OPTION_ROW_Y0 := 0.0
ui/event_prompt_view.gd,31,<file>,constant;visual_literal,UNREVIEWED,"const PORTRAIT_RECT := Rect2(0, 0, 0, 0)"
ui/event_prompt_view.gd,47,<file>,visual_literal,UNREVIEWED,var _last_content_height := -1
ui/event_prompt_view.gd,73,show_prompt,visual_literal,UNREVIEWED,"_portrait.position = Vector2(-_portrait.size.x * 0.5, -_portrait.size.y)"
ui/event_prompt_view.gd,81,clear_prompt,visual_literal,UNREVIEWED,_last_content_height = -1
ui/event_prompt_view.gd,130,_build_canvas,visual_literal,UNREVIEWED,"_panel.position = Vector2((DESIGN_SIZE.x - OPTION_BG_SIZE.x) * 0.5, (DESIGN_SIZE.y - OPTION_BG_SIZE.y) * 0.5)"
ui/event_prompt_view.gd,155,_build_canvas,visual_literal,UNREVIEWED,"var native_size := Vector2(2048, 1560) * (100.0 / 74.963394)"
ui/event_prompt_view.gd,158,_build_canvas,visual_literal,UNREVIEWED,interior.position = -native_size * 0.5
ui/event_prompt_view.gd,183,_build_canvas,visual_literal,UNREVIEWED,"_body.add_theme_color_override(""default_color"", Color(0.86274517, 0.8117648, 0.6039216, 1))"
ui/event_prompt_view.gd,199,_build_canvas,visual_literal,UNREVIEWED,"_portrait.position = Vector2(-PORTRAIT_RECT.size.x * 0.5, -PORTRAIT_RECT.size.y)"
ui/event_prompt_view.gd,236,_show_icons,visual_literal,UNREVIEWED,"portrait.position = Vector2(-portrait.size.x * 0.5, -portrait.size.y)"
ui/event_prompt_view.gd,244,_show_icons,visual_literal,UNREVIEWED,"widget.position = Vector2(0, -entry.pose.x) - widget.pivot_offset"
ui/event_prompt_view.gd,246,_show_icons,visual_literal,UNREVIEWED,widget.scale = Vector2.ONE * 1.8
ui/event_prompt_view.gd,267,_layout_content,visual_literal,UNREVIEWED,"var icon_width := float(icon_count * 400 - maxi(0, icon_count - 1) * 200)"
ui/event_prompt_view.gd,271,_layout_content,visual_literal,UNREVIEWED,var content_width: float = horizontal.sizes[1]
ui/event_prompt_view.gd,292,_layout_content,visual_literal,UNREVIEWED,var inner_height := _panel.size.y - top_padding - 200.0
ui/event_prompt_view.gd,297,_layout_content,visual_literal,UNREVIEWED,"_body.position = Vector2(content_x, top_padding + content_axis.positions[0])"
ui/event_prompt_view.gd,310,_layout_content,visual_literal,UNREVIEWED,"row.position = Vector2(content_x, top_padding + content_axis.positions[1] + rows.positions[i])"
ui/event_prompt_view.gd,316,_layout_content,visual_literal,UNREVIEWED,"_body.position = Vector2(content_x, top_padding + content_axis.positions[1])"
ui/event_prompt_view.gd,328,_layout_content,visual_literal,UNREVIEWED,"slot.position = Vector2(horizontal.positions[0] + 200.0 + icon_index * 200.0,"
ui/event_prompt_view.gd,336,_layout_content,visual_literal,UNREVIEWED,"row.position = Vector2(2045.0 if accepted else 1817.0, _panel.size.y - 79.0)"
ui/event_prompt_view.gd,357,_build_choices,visual_literal,UNREVIEWED,row.position = Vector2(
ui/event_prompt_view.gd,365,_build_choices,visual_literal,UNREVIEWED,"row.add_theme_color_override(""font_color"", Color(""#dccf9c""))"
ui/event_prompt_view.gd,366,_build_choices,visual_literal,UNREVIEWED,"row.add_theme_color_override(""font_hover_color"", Color(""#fff0b6""))"
ui/event_prompt_view.gd,391,_build_choices,visual_literal,UNREVIEWED,"caption.add_theme_color_override(""default_color"", Color(0.8627451, 0.8117647, 0.6039216))"
ui/event_prompt_view.gd,395,_build_choices,visual_literal,UNREVIEWED,"row.size = Vector2(325 if accepted else 168, 158)"
ui/event_prompt_view.gd,401,_build_choices,visual_literal,UNREVIEWED,"caption.add_theme_color_override(""default_color"", Color(0.8666667, 0.8666667, 0.8, 0))"
ui/event_prompt_view.gd,413,_build_confirm,visual_literal,UNREVIEWED,"_confirm_button.add_theme_color_override(""font_color"", Color(""#2b1d12""))"
ui/event_prompt_view.gd,414,_build_confirm,visual_literal,UNREVIEWED,"_confirm_button.add_theme_color_override(""font_hover_color"", Color(""#681f1b""))"
ui/event_prompt_view.gd,479,_row_style,visual_literal,UNREVIEWED,"flat.bg_color = Color(0.12, 0.10, 0.07, 0.86)"
ui/event_prompt_view.gd,480,_row_style,visual_literal,UNREVIEWED,"flat.border_color = Color(0.86, 0.83, 0.62, 0.55)"
ui/event_prompt_view.gd,507,apply_source_layout,visual_literal,UNREVIEWED,"_canvas.scale = Vector2(view_size.x / DESIGN_SIZE.x, view_size.y / DESIGN_SIZE.y)"
ui/gallery_card_info.gd,12,<file>,constant;visual_literal,UNREVIEWED,"const DESIGN_SPACE := Vector2(3840, 2160)"
ui/gallery_card_info.gd,13,<file>,constant;visual_literal,UNREVIEWED,"const PLOTS_RECT := Rect2(0, 228, 1300, 1930)"
ui/gallery_card_info.gd,14,<file>,constant;visual_literal,UNREVIEWED,"const CARD_INFO_RECT := Rect2(1210, 191.005, 2630, 1946.73)"
ui/gallery_card_info.gd,15,<file>,constant;visual_literal,UNREVIEWED,"const PLOTS_GROUP_RECT := Rect2(217, 512, 900, 1170)"
ui/gallery_card_info.gd,17,<file>,constant;visual_literal,UNREVIEWED,"const TAG_GRID_CELL := Vector2(365, 120)"
ui/gallery_card_info.gd,18,<file>,constant,UNREVIEWED,const TAG_GRID_COLUMNS := 3
ui/gallery_card_info.gd,19,<file>,constant,UNREVIEWED,const TAG_GRID_LEFT_PADDING := -70.0
ui/gallery_card_info.gd,20,<file>,constant;visual_literal,UNREVIEWED,"const ATTRIBUTE_ITEM_SIZE := Vector2(60, 40)"
ui/gallery_card_info.gd,21,<file>,constant;visual_literal,UNREVIEWED,"const ATTRIBUTE_SPACING := Vector2(20, 10)"
ui/gallery_card_info.gd,65,_build_ui,visual_literal,UNREVIEWED,"_place(_design, Rect2(Vector2.ZERO, DESIGN_SPACE), background)"
ui/gallery_card_info.gd,89,_layout_design,visual_literal,UNREVIEWED,"_design.scale = Vector2(view_size.x / DESIGN_SPACE.x, view_size.y / DESIGN_SPACE.y)"
ui/gallery_card_info.gd,97,_build_identity,visual_literal,UNREVIEWED,"_place(plots, Rect2(571.45, 247, 435.55, 72.02), name_label)"
ui/gallery_card_info.gd,98,_build_identity,visual_literal,UNREVIEWED,"name_label.scale = Vector2(2, 2)"
ui/gallery_card_info.gd,103,_build_identity,visual_literal,UNREVIEWED,"_place(plots, Rect2(707, 391.5, 300, 36.01), title)"
ui/gallery_card_info.gd,117,_build_plots,visual_literal,UNREVIEWED,"list.custom_minimum_size = Vector2(880, 0)"
ui/gallery_card_info.gd,128,_build_plots,visual_literal,UNREVIEWED,"button.custom_minimum_size = Vector2(850, 100)"
ui/gallery_card_info.gd,135,_build_plots,visual_literal,UNREVIEWED,"_place(button, Rect2(50, 0, 800, 100), highlight)"
ui/gallery_card_info.gd,138,_build_plots,visual_literal,UNREVIEWED,"_place(button, Rect2(0, 23.495, 50, 53.01), dot)"
ui/gallery_card_info.gd,142,_build_plots,visual_literal,UNREVIEWED,"_place(button, Rect2(50, 0, 800, 100), title)"
ui/gallery_card_info.gd,155,_build_plots,visual_literal,UNREVIEWED,"_place(_plot_mask, Rect2(374, 313, 152, 144), tips)"
ui/gallery_card_info.gd,159,_build_plots,visual_literal,UNREVIEWED,"_place(_plot_mask, Rect2(255, 500, 390.3, 80), prompt)"
ui/gallery_card_info.gd,163,_build_plots,visual_literal,UNREVIEWED,"confirm.position = Vector2(287.5, 862)"
ui/gallery_card_info.gd,164,_build_plots,visual_literal,UNREVIEWED,"confirm.size = Vector2(325, 158)"
ui/gallery_card_info.gd,182,_build_resource_toggles,visual_literal,UNREVIEWED,"heads.position = Vector2(346, 0)"
ui/gallery_card_info.gd,183,_build_resource_toggles,visual_literal,UNREVIEWED,"heads.size = Vector2(632.08, 240)"
ui/gallery_card_info.gd,190,_build_resource_toggles,visual_literal,UNREVIEWED,"toggle.custom_minimum_size = Vector2(110, 110)"
ui/gallery_card_info.gd,196,_build_resource_toggles,visual_literal,UNREVIEWED,"_place(toggle, Rect2(0, 0, 110, 110), head)"
ui/gallery_card_info.gd,199,_build_resource_toggles,visual_literal,UNREVIEWED,"marker.position = Vector2(36.3, 78.69)"
ui/gallery_card_info.gd,200,_build_resource_toggles,visual_literal,UNREVIEWED,"marker.size = Vector2(50, 50)"
ui/gallery_card_info.gd,211,_build_card_info,visual_literal,UNREVIEWED,"_place(_card_info, Rect2(2173.26, 441.865, 370, 1063), _rare_image)"
ui/gallery_card_info.gd,214,_build_card_info,visual_literal,UNREVIEWED,"_main_icon.position = Vector2(1755, 334.365)"
ui/gallery_card_info.gd,215,_build_card_info,visual_literal,UNREVIEWED,"_main_icon.size = Vector2(472, 1028)"
ui/gallery_card_info.gd,216,_build_card_info,visual_literal,UNREVIEWED,"_main_icon.scale = Vector2(2, 2)"
ui/gallery_card_info.gd,222,_build_card_info,visual_literal,UNREVIEWED,"_place(_card_info, Rect2(350, 253.365, 930, 1440), _basic_content)"
ui/gallery_card_info.gd,224,_build_card_info,visual_literal,UNREVIEWED,"_place(_basic_content, Rect2(0, 0, 100, 150), quote)"
ui/gallery_card_info.gd,228,_build_card_info,visual_literal,UNREVIEWED,"_place(_basic_content, Rect2(0, 180, 930, 360), content)"
ui/gallery_card_info.gd,234,_build_card_info,visual_literal,UNREVIEWED,"_place(_card_info, Rect2(350, 253.365, 930, 1440), _plot_content)"
ui/gallery_card_info.gd,237,_build_card_info,visual_literal,UNREVIEWED,"plot_scroll.size = Vector2(930, 1400)"
ui/gallery_card_info.gd,242,_build_card_info,visual_literal,UNREVIEWED,"_plot_content_list.custom_minimum_size = Vector2(913, 0)"
ui/gallery_card_info.gd,247,_build_card_info,visual_literal,UNREVIEWED,"back.position = Vector2(372.5, 1260)"
ui/gallery_card_info.gd,248,_build_card_info,visual_literal,UNREVIEWED,"back.size = Vector2(168, 160)"
ui/gallery_card_info.gd,258,_build_card_info,visual_literal,UNREVIEWED,"close.position = Vector2(2462, 125.365)"
ui/gallery_card_info.gd,259,_build_card_info,visual_literal,UNREVIEWED,"close.size = Vector2(80, 82)"
ui/gallery_card_info.gd,278,_build_tags,visual_literal,UNREVIEWED,"_place(parent, Rect2(0, 650, 1095, ceili(float(tag_nodes.size()) / TAG_GRID_COLUMNS) * TAG_GRID_CELL.y), tag_contents)"
ui/gallery_card_info.gd,282,_build_tags,visual_literal,UNREVIEWED,item.position = Vector2(
ui/gallery_card_info.gd,292,_build_tags,visual_literal,UNREVIEWED,"_place(parent, Rect2(0, 910, 930, 100), attribute_contents)"
ui/gallery_card_info.gd,295,_build_tags,visual_literal,UNREVIEWED,"real_contents.scale = Vector2(1.5, 1.5)"
ui/gallery_card_info.gd,296,_build_tags,visual_literal,UNREVIEWED,"real_contents.size = Vector2(620, 60)"
ui/gallery_card_info.gd,326,_card_tag_new,visual_literal,UNREVIEWED,"icon.position = Vector2(0, 14)"
ui/gallery_card_info.gd,327,_card_tag_new,visual_literal,UNREVIEWED,"icon.size = Vector2(72, 72)"
ui/gallery_card_info.gd,328,_card_tag_new,visual_literal,UNREVIEWED,"icon.pivot_offset = Vector2(0, 36)"
ui/gallery_card_info.gd,329,_card_tag_new,visual_literal,UNREVIEWED,"icon.scale = Vector2(1.2, 1.2)"
ui/gallery_card_info.gd,335,_card_tag_new,visual_literal,UNREVIEWED,"title.position = Vector2(82, -4)"
ui/gallery_card_info.gd,336,_card_tag_new,visual_literal,UNREVIEWED,"title.size = Vector2(220, 80)"
ui/gallery_card_info.gd,342,_card_tag_new,visual_literal,UNREVIEWED,"count_bg.position = Vector2(1, 36)"
ui/gallery_card_info.gd,343,_card_tag_new,visual_literal,UNREVIEWED,"count_bg.size = Vector2(70, 72)"
ui/gallery_card_info.gd,345,_card_tag_new,visual_literal,UNREVIEWED,"count_bg.scale = Vector2(0.5, 0.5)"
ui/gallery_card_info.gd,362,_card_attribute,visual_literal,UNREVIEWED,text.position = Vector2.ZERO
ui/gallery_card_info.gd,365,_card_attribute,visual_literal,UNREVIEWED,"text.add_theme_color_override(""font_outline_color"", Color(0.08, 0.05, 0.03, 0.9))"
ui/gallery_card_info.gd,381,_build_navigation,visual_literal,UNREVIEWED,"prev.position = Vector2(0, 1002)"
ui/gallery_card_info.gd,382,_build_navigation,visual_literal,UNREVIEWED,"prev.size = Vector2(168, 156)"
ui/gallery_card_info.gd,392,_build_navigation,visual_literal,UNREVIEWED,"next.position = Vector2(3672, 1002)"
ui/gallery_card_info.gd,393,_build_navigation,visual_literal,UNREVIEWED,"next.size = Vector2(168, 156)"
ui/gallery_card_info.gd,423,_show_plot,visual_literal,UNREVIEWED,"item.custom_minimum_size = Vector2(913, 0)"
ui/gallery_card_info.gd,426,_show_plot,visual_literal,UNREVIEWED,"title.custom_minimum_size = Vector2(913, 84)"
ui/gallery_card_info.gd,431,_show_plot,visual_literal,UNREVIEWED,"content.custom_minimum_size = Vector2(913, 0)"
ui/gallery_card_info.gd,546,_label,visual_literal,UNREVIEWED,"label.add_theme_color_override(""font_color"", Color(""#f0dfba""))"
ui/gallery_panel.gd,13,<file>,constant;visual_literal,UNREVIEWED,"const DESIGN_SPACE := Vector2(3840, 2160)"
ui/gallery_panel.gd,14,<file>,constant;visual_literal,UNREVIEWED,"const GROUP_RECT := Rect2(1340, 0, 2500, 2160)"
ui/gallery_panel.gd,15,<file>,constant;visual_literal,UNREVIEWED,"const CARD_PANEL_RECT := Rect2(0, 150, 2500, 1910)"
ui/gallery_panel.gd,16,<file>,constant;visual_literal,UNREVIEWED,"const CG_PANEL_RECT := Rect2(0, 100, 2500, 1960)"
ui/gallery_panel.gd,17,<file>,constant;visual_literal,UNREVIEWED,"const CG_INNER_RECT := Rect2(54, 132, 2281.8, 1574.5)"
ui/gallery_panel.gd,18,<file>,constant;visual_literal,UNREVIEWED,"const CG_ITEM_SIZE := Vector2(315.5, 441.2)"
ui/gallery_panel.gd,19,<file>,constant;visual_literal,UNREVIEWED,"const CG_LAYER_SIZE := Vector2(337, 439)"
ui/gallery_panel.gd,20,<file>,constant;visual_literal,UNREVIEWED,"const CG_LAYER_SCALE := Vector2(1.2, 1.2)"
ui/gallery_panel.gd,21,<file>,constant;visual_literal,UNREVIEWED,"const TYPE_GROUP_RECT := Rect2(0, 67.5, 1482, 135)"
ui/gallery_panel.gd,22,<file>,constant;visual_literal,UNREVIEWED,"const CARD_SCROLL_RECT := Rect2(-50, 100, 2500, 1710)"
ui/gallery_panel.gd,25,<file>,constant;visual_literal,UNREVIEWED,"const SEARCH_RECT := Rect2(1313.6, -125, 826, 100)"
ui/gallery_panel.gd,26,<file>,constant;visual_literal,UNREVIEWED,"const CARD_GROUP_SIZE := Vector2(2048, 690)"
ui/gallery_panel.gd,27,<file>,constant;visual_literal,UNREVIEWED,"const CARD_ITEM_SIZE := Vector2(322, 650.5)"
ui/gallery_panel.gd,28,<file>,constant,UNREVIEWED,const CARDS_PER_GROUP := 6
ui/gallery_panel.gd,29,<file>,constant,UNREVIEWED,const CARD_GAP := 13.2
ui/gallery_panel.gd,30,<file>,constant;visual_literal,UNREVIEWED,"const CARD_PADDING := Vector2(21, 25)"
ui/gallery_panel.gd,37,<file>,constant,UNREVIEWED,"const BACKGROUND_PATH := ""res://assets/original/ui/bg_2.png"""
ui/gallery_panel.gd,73,<file>,visual_literal,UNREVIEWED,"1: Vector2(592.55, 71.25), 2: Vector2(308.55, 854.75),"
ui/gallery_panel.gd,74,<file>,visual_literal,UNREVIEWED,"3: Vector2(980.75, 1096.15), 4: Vector2(1374.85, 581.25),"
ui/gallery_panel.gd,75,<file>,visual_literal,UNREVIEWED,"5: Vector2(592.55, 581.25), 6: Vector2(1374.85, 71.25),"
ui/gallery_panel.gd,76,<file>,visual_literal,UNREVIEWED,"7: Vector2(980.75, 581.25), 8: Vector2(1659.65, 324.65),"
ui/gallery_panel.gd,77,<file>,visual_literal,UNREVIEWED,"9: Vector2(1659.65, 854.75), 10: Vector2(980.75, 71.25),"
ui/gallery_panel.gd,78,<file>,visual_literal,UNREVIEWED,"11: Vector2(1939.15, 581.25), 12: Vector2(308.55, 324.65),"
ui/gallery_panel.gd,79,<file>,visual_literal,UNREVIEWED,"13: Vector2(1374.85, 1096.15), 14: Vector2(592.55, 1096.15),"
ui/gallery_panel.gd,80,<file>,visual_literal,UNREVIEWED,"15: Vector2(27.55, 581.25),"
ui/gallery_panel.gd,142,_layout_design,visual_literal,UNREVIEWED,"_design.scale = Vector2(view_size.x / DESIGN_SPACE.x, view_size.y / DESIGN_SPACE.y)"
ui/gallery_panel.gd,149,_build_title,visual_literal,UNREVIEWED,"title.position = Vector2(249, 206)"
ui/gallery_panel.gd,150,_build_title,visual_literal,UNREVIEWED,"title.size = Vector2(132, 128)"
ui/gallery_panel.gd,156,_build_title,visual_literal,UNREVIEWED,"headline.position = Vector2(160, 24)"
ui/gallery_panel.gd,157,_build_title,visual_literal,UNREVIEWED,"headline.size = Vector2(1000, 80)"
ui/gallery_panel.gd,163,_build_title,visual_literal,UNREVIEWED,"copy.position = Vector2(-71.87, 200)"
ui/gallery_panel.gd,164,_build_title,visual_literal,UNREVIEWED,"copy.size = Vector2(940, 351.36)"
ui/gallery_panel.gd,175,_build_mode_buttons,visual_literal,UNREVIEWED,"buttons.position = Vector2(174.5, 558.1)"
ui/gallery_panel.gd,176,_build_mode_buttons,visual_literal,UNREVIEWED,"buttons.size = Vector2(950, 556)"
ui/gallery_panel.gd,179,_build_mode_buttons,visual_literal,UNREVIEWED,"var over_button := _mode_button(""OverTab"", ""结局"", Vector2(950, 150), 50)"
ui/gallery_panel.gd,184,_build_mode_buttons,visual_literal,UNREVIEWED,"over_types.custom_minimum_size = Vector2(950, 216)"
ui/gallery_panel.gd,187,_build_mode_buttons,visual_literal,UNREVIEWED,"_over_memory_button = _mode_button(""OverMemoryTab"", _over_memory_text(0, OverRecordStore.MAX_VISIBLE_RECORDS), Vector2(950, 100), 40)"
ui/gallery_panel.gd,190,_build_mode_buttons,visual_literal,UNREVIEWED,"var cg_button := _mode_button(""CGTab"", _ui_text(""GALLERY_OVER_BTN_CG"", ""图鉴""), Vector2(950, 100), 40)"
ui/gallery_panel.gd,193,_build_mode_buttons,visual_literal,UNREVIEWED,"var gallery_button := _mode_button(""GalleryTab"", ""卡牌"", Vector2(950, 150), 50)"
ui/gallery_panel.gd,317,_add_cg_layer,visual_literal,UNREVIEWED,layer.position = (CG_ITEM_SIZE - CG_LAYER_SIZE) * 0.5
ui/gallery_panel.gd,339,_build_big_cg,visual_literal,UNREVIEWED,"shade.color = Color(0, 0, 0, 0.92)"
ui/gallery_panel.gd,344,_build_big_cg,visual_literal,UNREVIEWED,"_big_cg.position = Vector2(840, 0)"
ui/gallery_panel.gd,345,_build_big_cg,visual_literal,UNREVIEWED,"_big_cg.size = Vector2(2160, 2160)"
ui/gallery_panel.gd,353,_build_big_cg,visual_literal,UNREVIEWED,"_cg_title.position = Vector2(748.2, 0)"
ui/gallery_panel.gd,354,_build_big_cg,visual_literal,UNREVIEWED,"_cg_title.size = Vector2(663.6, 147.5)"
ui/gallery_panel.gd,361,_build_big_cg,visual_literal,UNREVIEWED,"_cg_lock_prompt.position = Vector2(1420, 1840)"
ui/gallery_panel.gd,362,_build_big_cg,visual_literal,UNREVIEWED,"_cg_lock_prompt.size = Vector2(1000, 120)"
ui/gallery_panel.gd,419,_build_card_panel,visual_literal,UNREVIEWED,"type_content.custom_minimum_size = Vector2(302 * _types.size(), 100)"
ui/gallery_panel.gd,426,_build_card_panel,visual_literal,UNREVIEWED,"button.custom_minimum_size = Vector2(302, 100)"
ui/gallery_panel.gd,455,_build_search,visual_literal,UNREVIEWED,"_search_input.position = Vector2(0, 5)"
ui/gallery_panel.gd,456,_build_search,visual_literal,UNREVIEWED,"_search_input.size = Vector2(826, 90)"
ui/gallery_panel.gd,465,_build_search,visual_literal,UNREVIEWED,"button.position = Vector2(826, -8)"
ui/gallery_panel.gd,466,_build_search,visual_literal,UNREVIEWED,"button.size = Vector2(110, 116)"
ui/gallery_panel.gd,500,_build_close,visual_literal,UNREVIEWED,"close.position = Vector2(3721.5, 46)"
ui/gallery_panel.gd,501,_build_close,visual_literal,UNREVIEWED,"close.size = Vector2(75, 78)"
ui/gallery_panel.gd,551,_rebuild_card_groups,visual_literal,UNREVIEWED,"_scroll_content.size = Vector2(2500, max(CARD_GROUP_SIZE.y, CARD_GROUP_SIZE.y * _card_groups.size()))"
ui/gallery_panel.gd,556,_rebuild_card_groups,visual_literal,UNREVIEWED,"group.position = Vector2(226, CARD_GROUP_SIZE.y * group_index)"
ui/gallery_panel.gd,563,_rebuild_card_groups,visual_literal,UNREVIEWED,"button.position = CARD_PADDING + Vector2(item_index * (CARD_ITEM_SIZE.x + CARD_GAP), 0)"
ui/gallery_panel.gd,618,_materialize_group,visual_literal,UNREVIEWED,"widget.scale = Vector2(1.3, 1.3)"
ui/gallery_panel.gd,619,_materialize_group,visual_literal,UNREVIEWED,widget.position = (CARD_ITEM_SIZE - CardWidget.CARD_SIZE * 1.3) * 0.5
ui/game.gd,4,<file>,motion,UNREVIEWED,"## GameState/ConfigDB/RNG, and wires signals between screens."
ui/game.gd,18,<file>,declared_gap,UNREVIEWED,# Transitional compat layer: screens not yet re-emitted in the original
ui/game.gd,23,<file>,constant;visual_literal,UNREVIEWED,"const LEGACY_DESIGN := Vector2(1280, 800)"
ui/game.gd,24,<file>,constant;visual_literal,UNREVIEWED,"const DESIGN_SPACE := Vector2(3840, 2160)"
ui/game.gd,52,_legacy_layer,visual_literal,UNREVIEWED,"_legacy_root.scale = Vector2(scale_factor, scale_factor)"
ui/game.gd,53,_legacy_layer,visual_literal,UNREVIEWED,_legacy_root.position = (DESIGN_SPACE - LEGACY_DESIGN * scale_factor) * 0.5
ui/game_application_settings.gd,5,<file>,motion,UNREVIEWED,## audio or consent settings between machines.
ui/game_application_settings.gd,19,<file>,constant,UNREVIEWED,"const DEFAULT_RESOLUTION := ""1920x1080"""
ui/game_application_settings.gd,158,_apply_display,visual_literal,UNREVIEWED,window.position = area.position + (area.size - dimensions) / 2
ui/game_over.gd,16,<file>,constant;visual_literal,UNREVIEWED,"const DESIGN_SPACE := Vector2(3840, 2160)"
ui/game_over.gd,17,<file>,constant,UNREVIEWED,"const Step2ViewScript = preload(""res://ui/over_new_step2.gd"")"
ui/game_over.gd,18,<file>,constant,UNREVIEWED,"const Step2StoryViewScript = preload(""res://ui/over_new_step2_story.gd"")"
ui/game_over.gd,57,_ready,visual_literal,UNREVIEWED,position = Vector2.ZERO
ui/game_over.gd,66,apply_source_layout,visual_literal,UNREVIEWED,position = Vector2.ZERO
ui/game_over.gd,68,apply_source_layout,visual_literal,UNREVIEWED,"scale = Vector2(view_size.x / DESIGN_SPACE.x, view_size.y / DESIGN_SPACE.y)"
ui/game_over.gd,162,_show_stage,visual_literal,UNREVIEWED,_surface.position = Vector2.ZERO
ui/game_over.gd,180,_build_step1,visual_literal,UNREVIEWED,"up.size = Vector2(3840, 1080)"
ui/game_over.gd,185,_build_step1,visual_literal,UNREVIEWED,"down.position = Vector2(0, 1080)"
ui/game_over.gd,186,_build_step1,visual_literal,UNREVIEWED,"down.size = Vector2(3840, 1080)"
ui/game_over.gd,190,_build_step1,visual_literal,UNREVIEWED,"title_bg.position = Vector2(1442, 420)"
ui/game_over.gd,191,_build_step1,visual_literal,UNREVIEWED,"title_bg.size = Vector2(956, 1320)"
ui/game_over.gd,198,_build_step1,visual_literal,UNREVIEWED,"title.position = Vector2(300, 580)"
ui/game_over.gd,199,_build_step1,visual_literal,UNREVIEWED,"title.size = Vector2(356, 160)"
ui/game_over.gd,208,_build_step1,visual_literal,UNREVIEWED,"subtitle.position = Vector2(150, 550)"
ui/game_over.gd,209,_build_step1,visual_literal,UNREVIEWED,"subtitle.size = Vector2(656, 200)"
ui/game_over.gd,237,_build_step3,visual_literal,UNREVIEWED,bg.position = Vector2.ZERO
ui/game_over.gd,245,_build_step3,visual_literal,UNREVIEWED,"logo.position = Vector2(1190, -178)"
ui/game_over.gd,246,_build_step3,visual_literal,UNREVIEWED,"logo.size = Vector2(1460, 916)"
ui/game_over.gd,253,_build_step3,visual_literal,UNREVIEWED,"content.position = Vector2(920, 1008)"
ui/game_over.gd,254,_build_step3,visual_literal,UNREVIEWED,"content.size = Vector2(2000, 100)"
ui/game_over.gd,262,_build_step3,visual_literal,UNREVIEWED,"main.position = Vector2(1515, 1396)"
ui/game_over.gd,263,_build_step3,visual_literal,UNREVIEWED,"main.size = Vector2(810, 348)"
ui/game_over.gd,290,_play_show_story_animation,motion,UNREVIEWED,var mask_tween := create_tween()
ui/game_over.gd,291,_play_show_story_animation,motion,UNREVIEWED,"mask_tween.tween_method(_set_story_mask_fade, 0.0, 1.0, 2.0 / 3.0).set_delay(0.25)"
ui/game_over.gd,292,_play_show_story_animation,motion,UNREVIEWED,var mask_group_event := create_tween()
ui/game_over.gd,293,_play_show_story_animation,motion,UNREVIEWED,mask_group_event.tween_callback(_cg_surface.update_mask_canvas_group).set_delay(0.25)
ui/game_over.gd,294,_play_show_story_animation,motion,UNREVIEWED,var story_tween := create_tween()
ui/game_over.gd,295,_play_show_story_animation,motion,UNREVIEWED,"story_tween.tween_method(_set_story_panel_fade, 0.0, 1.0, 0.75).set_delay(0.25)"
ui/game_over.gd,296,_play_show_story_animation,motion,UNREVIEWED,story_tween.tween_callback(func():
ui/game_over.gd,309,_set_story_panel_fade,motion,UNREVIEWED,"_story_controller.modulate.a = smoothstep(0.0, 1.0, value)"
ui/game_screen.gd,31,_can_drop_data,visual_literal,UNREVIEWED,"func _can_drop_data(at_position: Vector2, data: Variant) -> bool:"
ui/game_screen.gd,41,_drop_data,visual_literal,UNREVIEWED,"func _drop_data(at_position: Vector2, data: Variant) -> void:"
ui/game_screen.gd,47,_drop_data,constant;visual_literal,UNREVIEWED,"const MOCKUP_SIZE := Vector2(1280, 720)"
ui/game_screen.gd,52,_drop_data,constant,UNREVIEWED,const HAND_SPACE := 10.0
ui/game_screen.gd,53,_drop_data,constant,UNREVIEWED,const HAND_MIN_VISIBLE_WIDTH := 20.0
ui/game_screen.gd,54,_drop_data,constant,UNREVIEWED,const HAND_MASK_HEIGHT := 470.0
ui/game_screen.gd,55,_drop_data,constant;visual_literal,UNREVIEWED,"const HAND_CONTENT_OFFSET := Vector2(516.7349, 36.0)"
ui/game_screen.gd,56,_drop_data,constant;visual_literal,UNREVIEWED,"const HAND_CONTENT_SIZE := Vector2(2723.264, 430.0)"
ui/game_screen.gd,59,_drop_data,constant;visual_literal,UNREVIEWED,"const DESIGN_SPACE := Vector2(3840, 2160)"
ui/game_screen.gd,62,_drop_data,constant;visual_literal,UNREVIEWED,"const LEGACY_OVERLAY_DESIGN := Vector2(1280, 800)"
ui/game_screen.gd,64,_drop_data,constant,UNREVIEWED,const SCENE_CONTENT_Z_MAX := 99
ui/game_screen.gd,65,_drop_data,constant,UNREVIEWED,const OVERLAY_LAYER_Z := 100
ui/game_screen.gd,66,_drop_data,constant,UNREVIEWED,const PERSISTENT_CONTROL_Z := 200
ui/game_screen.gd,67,_drop_data,constant,UNREVIEWED,const BLOCKING_PROMPT_Z := 400
ui/game_screen.gd,161,_process,visual_literal,UNREVIEWED,control.scale = Vector2.ONE * pulse
ui/game_screen.gd,171,_build_ui,visual_literal,UNREVIEWED,"_background.color = Color(""#17120e"")"
ui/game_screen.gd,216,_build_ui,visual_literal,UNREVIEWED,"_deadline_track.custom_minimum_size = Vector2(1115, 100)"
ui/game_screen.gd,221,_build_ui,visual_literal,UNREVIEWED,_deadline_number.glyph_height = 60.0
ui/game_screen.gd,228,_build_ui,visual_literal,UNREVIEWED,"for point in [Vector2(0, 1), Vector2(0.25, 0.95), Vector2(0.5, 1), Vector2(0.75, 1.05), Vector2(1, 1)]:"
ui/game_screen.gd,243,_build_ui,visual_literal,UNREVIEWED,"_menu_button.custom_minimum_size = Vector2(80, 82)"
ui/game_screen.gd,244,_build_ui,visual_literal,UNREVIEWED,"_menu_button.size = Vector2(80, 82)"
ui/game_screen.gd,254,_build_ui,visual_literal,UNREVIEWED,"menu_icon.custom_minimum_size = Vector2(49, 43)"
ui/game_screen.gd,255,_build_ui,visual_literal,UNREVIEWED,"menu_icon.size = Vector2(49, 43)"
ui/game_screen.gd,256,_build_ui,visual_literal,UNREVIEWED,"menu_icon.position = Vector2(-24.5, -21.5)"
ui/game_screen.gd,274,_build_ui,visual_literal,UNREVIEWED,"_main_help_button.custom_minimum_size = Vector2(88, 91)"
ui/game_screen.gd,275,_build_ui,visual_literal,UNREVIEWED,"_main_help_button.size = Vector2(88, 91)"
ui/game_screen.gd,284,_build_ui,visual_literal,UNREVIEWED,"help_icon.custom_minimum_size = Vector2(88, 91)"
ui/game_screen.gd,285,_build_ui,visual_literal,UNREVIEWED,"help_icon.size = Vector2(88, 91)"
ui/game_screen.gd,298,_build_ui,visual_literal,UNREVIEWED,"var box_frame := _sprite_child(""res://assets/original/ui/box_open.png"", Vector2(455, 954))"
ui/game_screen.gd,300,_build_ui,visual_literal,UNREVIEWED,"var box_top := _sprite_child(""res://assets/original/ui/box_top.png"", Vector2(244, 528))"
ui/game_screen.gd,302,_build_ui,visual_literal,UNREVIEWED,"box_top.position = Vector2(455 * 0.5 - 85 - 122, 954 * 0.5 + 43 - 264)"
ui/game_screen.gd,325,_build_ui,visual_literal,UNREVIEWED,"_log_label.add_theme_color_override(""font_color"", Color(""#fff1c2""))"
ui/game_screen.gd,326,_build_ui,visual_literal,UNREVIEWED,"_log_label.add_theme_color_override(""font_shadow_color"", Color(0.02, 0.025, 0.06, 0.90))"
ui/game_screen.gd,358,_build_ui,visual_literal,UNREVIEWED,"_hand_bg_sprite = _sprite_child(""res://assets/original/ui/hand_bg.png"", Vector2(3840, 356))"
ui/game_screen.gd,392,_build_ui,visual_literal,UNREVIEWED,"_card_items.modulate = Color(1, 1, 1, 0)"
ui/game_screen.gd,423,_build_ui,visual_literal,UNREVIEWED,"stamp.size = Vector2(305, 306)"
ui/game_screen.gd,424,_build_ui,visual_literal,UNREVIEWED,"stamp.position = Vector2(596 * 0.5 + 62 - 305 * 0.5, 634 * 0.5 + 41 - 306 * 0.5)"
ui/game_screen.gd,432,_build_ui,visual_literal,UNREVIEWED,"_advance_button.add_theme_color_override(""font_color"", Color(""#2b1d12""))"
ui/game_screen.gd,433,_build_ui,visual_literal,UNREVIEWED,"_advance_button.add_theme_color_override(""font_hover_color"", Color(""#681f1b""))"
ui/game_screen.gd,434,_build_ui,visual_literal,UNREVIEWED,"_advance_button.add_theme_color_override(""font_disabled_color"", Color(0.26, 0.20, 0.15, 0.52))"
ui/game_screen.gd,437,_build_ui,visual_literal,UNREVIEWED,"_advance_button.add_theme_stylebox_override(""hover"", _round_button_style(Color(""#efc46e"")) if not ResourceLoader.exists(""res://assets/original/ui/clock_bg.png"") else StyleBoxEmpty.new())"
ui/game_screen.gd,438,_build_ui,visual_literal,UNREVIEWED,"_advance_button.add_theme_stylebox_override(""pressed"", _round_button_style(Color(""#fff1bc"")) if not ResourceLoader.exists(""res://assets/original/ui/clock_bg.png"") else StyleBoxEmpty.new())"
ui/game_screen.gd,442,_build_ui,visual_literal,UNREVIEWED,"_advance_button.add_theme_stylebox_override(""disabled"", _round_button_style(Color(0.82, 0.84, 0.88, 0.24)) if not ResourceLoader.exists(""res://assets/original/ui/clock_bg.png"") else StyleBoxEmpty.new())"
ui/game_screen.gd,452,_build_ui,visual_literal,UNREVIEWED,"_next_day_label.add_theme_color_override(""font_color"", Color(""#f2e3b0""))"
ui/game_screen.gd,556,_apply_layout,visual_literal,UNREVIEWED,"_set_rect(_background, Rect2(Vector2.ZERO, view_size))"
ui/game_screen.gd,568,_apply_layout,visual_literal,UNREVIEWED,"quit_anchor.position = Vector2(view_size.x - 110 * k.x, 30 * k.y)"
ui/game_screen.gd,569,_apply_layout,visual_literal,UNREVIEWED,"quit_anchor.size = Vector2(80, 82)"
ui/game_screen.gd,575,_apply_layout,visual_literal,UNREVIEWED,"help_anchor.position = Vector2(3726 * k.x, 143.5 * k.y)"
ui/game_screen.gd,576,_apply_layout,visual_literal,UNREVIEWED,"help_anchor.size = Vector2(88, 91)"
ui/game_screen.gd,580,_apply_layout,visual_literal,UNREVIEWED,"_sudan_box.position = Vector2(-47 * k.x, 20 * k.y)"
ui/game_screen.gd,581,_apply_layout,visual_literal,UNREVIEWED,"_sudan_box.size = Vector2(455, 954)"
ui/game_screen.gd,585,_apply_layout,visual_literal,UNREVIEWED,"_prestige_strip.position = Vector2(view_size.x * 0.3, 0)"
ui/game_screen.gd,586,_apply_layout,visual_literal,UNREVIEWED,"_prestige_strip.size = Vector2(1000, 264)"
ui/game_screen.gd,591,_apply_layout,visual_literal,UNREVIEWED,"_cached_events_view.position = Vector2(0, 1352.0 * k.y)"
ui/game_screen.gd,592,_apply_layout,visual_literal,UNREVIEWED,"_cached_events_view.size = Vector2(3840, 128)"
ui/game_screen.gd,595,_apply_layout,visual_literal,UNREVIEWED,"_cached_event_mask.position = Vector2(3308.87 * k.x, 1713.82 * k.y)"
ui/game_screen.gd,596,_apply_layout,visual_literal,UNREVIEWED,"_cached_event_mask.size = Vector2(596, 634)"
ui/game_screen.gd,600,_apply_layout,visual_literal,UNREVIEWED,"_set_rect(_desk_map, Rect2(Vector2.ZERO, view_size))"
ui/game_screen.gd,601,_apply_layout,visual_literal,UNREVIEWED,"_set_rect(_desk_content, Rect2(Vector2.ZERO, view_size))"
ui/game_screen.gd,605,_apply_layout,visual_literal,UNREVIEWED,"_right_actions.position = Vector2(view_size.x - 596 * k.x, view_size.y - 634 * k.y)"
ui/game_screen.gd,606,_apply_layout,visual_literal,UNREVIEWED,"_right_actions.size = Vector2(596, 634)"
ui/game_screen.gd,608,_apply_layout,declared_gap,UNREVIEWED,# SudanDice runtime placement not yet located (registered); park the
ui/game_screen.gd,610,_apply_layout,visual_literal,UNREVIEWED,"_set_rect(_redraw_button, Rect2(Vector2(-176, 466), Vector2(150, 150)))"
ui/game_screen.gd,613,_apply_layout,visual_literal,UNREVIEWED,"_set_rect(_back_to_prev_button, Rect2(Vector2(12.9, 455.7), Vector2(158, 137)))"
ui/game_screen.gd,616,_apply_layout,visual_literal,UNREVIEWED,"_next_day_label.size = Vector2(322.26, 174.36)"
ui/game_screen.gd,617,_apply_layout,visual_literal,UNREVIEWED,_next_day_label.position = Vector2(
ui/game_screen.gd,623,_apply_layout,visual_literal,UNREVIEWED,"_overlay_layer.scale = Vector2(legacy_k, legacy_k)"
ui/game_screen.gd,624,_apply_layout,visual_literal,UNREVIEWED,"_overlay_layer.position = Vector2((view_size.x - LEGACY_OVERLAY_DESIGN.x * legacy_k) * 0.5, 0)"
ui/game_screen.gd,627,_apply_layout,visual_literal,UNREVIEWED,_source_overlay_layer.position = Vector2.ZERO
ui/game_screen.gd,628,_apply_layout,visual_literal,UNREVIEWED,_source_overlay_layer.scale = Vector2.ONE
ui/game_screen.gd,633,_apply_layout,visual_literal,UNREVIEWED,"_bag_tabs.position = Vector2(420 * k.x, view_size.y - 340 * k.y)"
ui/game_screen.gd,636,_apply_layout,visual_literal,UNREVIEWED,"_hand_bg_sprite.position = Vector2(0, view_size.y - 356 * k.y)"
ui/game_screen.gd,637,_apply_layout,visual_literal,UNREVIEWED,"_hand_bg_sprite.size = Vector2(view_size.x / k.x, 356)"
ui/game_screen.gd,641,_apply_layout,visual_literal,UNREVIEWED,"Vector2(0, view_size.y - HAND_MASK_HEIGHT * k.y),"
ui/game_screen.gd,650,_apply_layout,motion,UNREVIEWED,# legacy mockup scale between the card root and GameScene/MainUI/Hand.
ui/game_screen.gd,652,_apply_layout,visual_literal,UNREVIEWED,_card_items.scale = Vector2.ONE
ui/game_screen.gd,653,_apply_layout,visual_literal,UNREVIEWED,_card_items.position = Vector2.ZERO
ui/game_screen.gd,670,_build_prestige_strip,visual_literal,UNREVIEWED,"var line_tex := _sprite_child(""res://assets/original/ui/line.png"", Vector2(1020, 157))"
ui/game_screen.gd,671,_build_prestige_strip,visual_literal,UNREVIEWED,"line_tex.position = Vector2(0, 0)"
ui/game_screen.gd,674,_build_prestige_strip,visual_literal,UNREVIEWED,"Rect2(-80.12, -8.62, 231, 252),"
ui/game_screen.gd,675,_build_prestige_strip,visual_literal,UNREVIEWED,"Rect2(103.88, -5.02, 231, 252),"
ui/game_screen.gd,676,_build_prestige_strip,visual_literal,UNREVIEWED,"Rect2(290.98, 22.88, 231, 252),"
ui/game_screen.gd,677,_build_prestige_strip,visual_literal,UNREVIEWED,"Rect2(473.28, -4.52, 231, 252),"
ui/game_screen.gd,678,_build_prestige_strip,visual_literal,UNREVIEWED,"Rect2(606.08, -9.32, 231, 252),"
ui/game_screen.gd,679,_build_prestige_strip,visual_literal,UNREVIEWED,"Rect2(751.88, 43.88, 231, 252),"
ui/game_screen.gd,687,_build_prestige_strip,visual_literal,UNREVIEWED,"var icon := _sprite_child(""res://assets/original/ui/prestige_bg.png"", Vector2(231, 252))"
ui/game_screen.gd,693,_build_prestige_strip,visual_literal,UNREVIEWED,"Vector2(160, 236) if i == 5 else Vector2(231, 242)"
ui/game_screen.gd,696,_build_prestige_strip,visual_literal,UNREVIEWED,"medal.position = Vector2(0, -3.77) - medal.size * 0.5"
ui/game_screen.gd,698,_build_prestige_strip,visual_literal,UNREVIEWED,"var count_bg := _sprite_child(""res://assets/original/ui/checkbox_bg.png"", Vector2(52.5, 54.6))"
ui/game_screen.gd,699,_build_prestige_strip,visual_literal,UNREVIEWED,"count_bg.position = Vector2(89.25, 196.8)"
ui/game_screen.gd,704,_build_prestige_strip,visual_literal,UNREVIEWED,"value.position = Vector2(95.5, 199.1)"
ui/game_screen.gd,705,_build_prestige_strip,visual_literal,UNREVIEWED,"value.size = Vector2(40, 50)"
ui/game_screen.gd,714,_layout_deadline,visual_literal,UNREVIEWED,"var k := view_size / Vector2(3840, 2160)"
ui/game_screen.gd,716,_layout_deadline,visual_literal,UNREVIEWED,"_deadline_strip.size = Vector2(_deadline_strip.get_combined_minimum_size().x, 204)"
ui/game_screen.gd,717,_layout_deadline,visual_literal,UNREVIEWED,"_deadline_strip.position = Vector2(view_size.x - (80 + _deadline_strip.size.x) * k.x, 0)"
ui/game_screen.gd,748,_update_deadline_strip,visual_literal,UNREVIEWED,_deadline_title.scale = Vector2.ONE
ui/game_screen.gd,749,_update_deadline_strip,visual_literal,UNREVIEWED,_deadline_number.scale = Vector2.ONE
ui/game_screen.gd,752,_update_deadline_strip,visual_literal,UNREVIEWED,_deadline_title.modulate = Color.RED if remaining < 3 else Color.WHITE
ui/game_screen.gd,781,_update_deadline_track,visual_literal,UNREVIEWED,var character_scale := 2.0 if index < 4 else (1.0 if index < 6 else 0.9)
ui/game_screen.gd,787,_update_deadline_track,visual_literal,UNREVIEWED,var sprite_scale := 57.0 / glyph_size.y * character_scale
ui/game_screen.gd,789,_update_deadline_track,visual_literal,UNREVIEWED,"cell.custom_minimum_size = Vector2(advance * sprite_scale - 20.0 * 57.0 / 90.0, 100)"
ui/game_screen.gd,791,_update_deadline_track,visual_literal,UNREVIEWED,"image.position = Vector2(-11.6 * sprite_scale if index == 2 or index == 3 else 0.0, (100.0 - image.size.y) * 0.5)"
ui/game_screen.gd,810,_nine_slice_style,visual_literal,UNREVIEWED,"flat.bg_color = Color(""#3a2b1a"")"
ui/game_screen.gd,857,_layout_situation_desk,visual_literal,UNREVIEWED,"_log_label.size = Vector2(520, 34) * s"
ui/game_screen.gd,858,_layout_situation_desk,visual_literal,UNREVIEWED,"_log_label.position = Vector2((map_size.x - _log_label.size.x) * 0.5, map_size.y - 58 * s)"
ui/game_screen.gd,869,_stat_label,visual_literal,UNREVIEWED,"label.add_theme_color_override(""font_color"", Color(0.94, 0.93, 0.89, 0.88))"
ui/game_screen.gd,898,_icon_button,visual_literal,UNREVIEWED,"button.custom_minimum_size = Vector2(62, 38)"
ui/game_screen.gd,901,_icon_button,visual_literal,UNREVIEWED,"button.add_theme_color_override(""font_color"", Color(""#2b1d12""))"
ui/game_screen.gd,902,_icon_button,visual_literal,UNREVIEWED,"button.add_theme_color_override(""font_hover_color"", Color(""#681f1b""))"
ui/game_screen.gd,903,_icon_button,visual_literal,UNREVIEWED,"button.add_theme_color_override(""font_disabled_color"", Color(0.26, 0.20, 0.15, 0.48))"
ui/game_screen.gd,905,_icon_button,visual_literal,UNREVIEWED,"button.add_theme_stylebox_override(""hover"", _small_action_style(Color(""#efc46e"")))"
ui/game_screen.gd,906,_icon_button,visual_literal,UNREVIEWED,"button.add_theme_stylebox_override(""pressed"", _small_action_style(Color(""#fff1bc"")))"
ui/game_screen.gd,907,_icon_button,visual_literal,UNREVIEWED,"button.add_theme_stylebox_override(""disabled"", _small_action_style(Color(0.82, 0.84, 0.88, 0.20)))"
ui/game_screen.gd,913,_small_action_style,visual_literal,UNREVIEWED,"func _small_action_style(border: Color = Color(0.43, 0.28, 0.15, 0.68)) -> StyleBox:"
ui/game_screen.gd,930,_small_action_style,visual_literal,UNREVIEWED,"style.bg_color = Color(""#dfc886"")"
ui/game_screen.gd,935,_small_action_style,visual_literal,UNREVIEWED,"style.shadow_color = Color(0.04, 0.022, 0.012, 0.42)"
ui/game_screen.gd,937,_small_action_style,visual_literal,UNREVIEWED,"style.shadow_offset = Vector2(2.0, 3.0)"
ui/game_screen.gd,941,_round_button_style,visual_literal,UNREVIEWED,"func _round_button_style(border: Color = Color(0.55, 0.38, 0.17, 0.82)) -> StyleBoxFlat:"
ui/game_screen.gd,943,_round_button_style,visual_literal,UNREVIEWED,"style.bg_color = Color(""#d8bd74"")"
ui/game_screen.gd,945,_round_button_style,visual_literal,UNREVIEWED,style.border_width_left = 2
ui/game_screen.gd,946,_round_button_style,visual_literal,UNREVIEWED,style.border_width_right = 2
ui/game_screen.gd,947,_round_button_style,visual_literal,UNREVIEWED,style.border_width_top = 2
ui/game_screen.gd,948,_round_button_style,visual_literal,UNREVIEWED,style.border_width_bottom = 2
ui/game_screen.gd,949,_round_button_style,visual_literal,UNREVIEWED,style.corner_radius_top_left = 72
ui/game_screen.gd,950,_round_button_style,visual_literal,UNREVIEWED,style.corner_radius_top_right = 72
ui/game_screen.gd,951,_round_button_style,visual_literal,UNREVIEWED,style.corner_radius_bottom_left = 72
ui/game_screen.gd,952,_round_button_style,visual_literal,UNREVIEWED,style.corner_radius_bottom_right = 72
ui/game_screen.gd,953,_round_button_style,visual_literal,UNREVIEWED,"style.shadow_color = Color(0.04, 0.022, 0.012, 0.54)"
ui/game_screen.gd,955,_round_button_style,visual_literal,UNREVIEWED,"style.shadow_offset = Vector2(4.0, 5.0)"
ui/game_screen.gd,999,refresh,visual_literal,UNREVIEWED,"_card_items.modulate = Color(1, 1, 1, 0)"
ui/game_screen.gd,1120,_layout_hand_cards,visual_literal,UNREVIEWED,"var old_position: Vector2 = card.get_meta(""reflow_from"")"
ui/game_screen.gd,1122,_layout_hand_cards,visual_literal,UNREVIEWED,"var old_scale: Vector2 = card.get_meta(""reflow_scale_from"", Vector2.ZERO)"
ui/game_screen.gd,1130,_layout_hand_cards,visual_literal,UNREVIEWED,var old_position: Vector2 = previous_positions[card.card_uid]
ui/game_screen.gd,1229,_preview_hand_drop,visual_literal,UNREVIEWED,"func _preview_hand_drop(data: Variant, rail_position: Vector2) -> void:"
ui/game_screen.gd,1253,_hand_preview_index_at,visual_literal,UNREVIEWED,"func _hand_preview_index_at(rail_position: Vector2, dragged_card_uid: int) -> int:"
ui/game_screen.gd,1257,_resolve_hand_preview,visual_literal,UNREVIEWED,"func _resolve_hand_preview(rail_position: Vector2, dragged_uid: int, data: Dictionary,"
ui/game_screen.gd,1333,drop_card_to_hand,visual_literal,UNREVIEWED,"func drop_card_to_hand(data: Variant, rail_position: Vector2 = Vector2.INF) -> void:"
ui/game_screen.gd,1351,drop_card_to_hand,visual_literal,UNREVIEWED,"var drag_visual_position: Vector2 = data.get(""drag_visual_position"", Vector2.ZERO)"
ui/game_screen.gd,1459,_rail_insert_index_at,visual_literal,UNREVIEWED,"func _rail_insert_index_at(rail_position: Vector2, dragged_card_uid: int = 0) -> int:"
ui/game_screen.gd,1878,_layout_event_prompt,visual_literal,UNREVIEWED,"else Rect2(Vector2(16, 70) * s, view_size - Vector2(32, 320) * s)"
ui/game_screen.gd,1885,_layout_event_prompt,visual_literal,UNREVIEWED,"_set_rect(_event_panel, Rect2(Vector2(panel_x, panel_y), Vector2(panel_w, panel_h)))"
ui/game_screen.gd,1891,_event_button,visual_literal,UNREVIEWED,"button.custom_minimum_size = Vector2(96, 36)"
ui/game_screen.gd,1894,_event_button,visual_literal,UNREVIEWED,"button.add_theme_color_override(""font_color"", Color(""#f2f0eb""))"
ui/game_screen.gd,1895,_event_button,visual_literal,UNREVIEWED,"button.add_theme_color_override(""font_hover_color"", Color(""#fff0b6""))"
ui/game_screen.gd,1897,_event_button,visual_literal,UNREVIEWED,"button.add_theme_stylebox_override(""hover"", _small_action_style(Color(""#efc46e"")))"
ui/game_screen.gd,1898,_event_button,visual_literal,UNREVIEWED,"button.add_theme_stylebox_override(""pressed"", _small_action_style(Color(""#fff1bc"")))"
ui/game_screen.gd,1922,_event_panel_style,visual_literal,UNREVIEWED,"fallback.bg_color = Color(0.025, 0.032, 0.075, 0.90)"
ui/game_screen.gd,1923,_event_panel_style,visual_literal,UNREVIEWED,"fallback.border_color = Color(0.86, 0.88, 0.91, 0.34)"
ui/game_screen.gd,1927,_event_panel_style,visual_literal,UNREVIEWED,"fallback.shadow_color = Color(0.01, 0.012, 0.03, 0.62)"
ui/hand_bag_tabs.gd,6,<file>,constant;visual_literal,UNREVIEWED,"const NUMBER_OFF_SIZE := [Vector2(17.5, 56), Vector2(30, 55.5), Vector2(40.5, 56), Vector2(47, 55)]"
ui/hand_bag_tabs.gd,7,<file>,constant;visual_literal,UNREVIEWED,"const NUMBER_ON_SIZE := [Vector2(12.5, 50), Vector2(24, 49.5), Vector2(35, 50), Vector2(41, 49.5)]"
ui/hand_bag_tabs.gd,15,_ready,visual_literal,UNREVIEWED,"size = Vector2(105, 340)"
ui/hand_bag_tabs.gd,20,_ready,visual_literal,UNREVIEWED,"button.position = Vector2(12.5, 2.5 + index * 86)"
ui/hand_bag_tabs.gd,21,_ready,visual_literal,UNREVIEWED,"button.size = Vector2(80, 80)"
ui/hand_bag_tabs.gd,37,_ready,visual_literal,UNREVIEWED,number.position = (button.size - number.size) * 0.5
ui/main_help.gd,12,<file>,constant;visual_literal,UNREVIEWED,"const DESIGN_SPACE := Vector2(3840, 2160)"
ui/main_help.gd,14,<file>,constant;visual_literal,UNREVIEWED,"const BUBBLE_SIZE := Vector2(602, 200)"
ui/main_help.gd,15,<file>,constant,UNREVIEWED,const BUBBLE_FONT_SIZE := 50
ui/main_help.gd,36,_build,visual_literal,UNREVIEWED,"mask.color = Color(0.02, 0.015, 0.01, 0.82)"
ui/main_help.gd,37,_build,visual_literal,UNREVIEWED,mask.position = Vector2.ZERO
ui/main_help.gd,53,_build,visual_literal,UNREVIEWED,prompt_art.position = Vector2.ZERO
ui/main_help.gd,60,_build,visual_literal,UNREVIEWED,"_add_bubble(source, ""SudanBoxPrompt"", Vector2(0, 1), Vector2(388, -742), _help_text(""SUDAN_BOX""))"
ui/main_help.gd,61,_build,visual_literal,UNREVIEWED,"_add_bubble(source, ""StoryPrompt"", Vector2(0, 0), Vector2(927, 920), _help_text(""STORY""))"
ui/main_help.gd,62,_build,visual_literal,UNREVIEWED,"_add_bubble(source, ""DeadLinePrompt"", Vector2(0.5, 1), Vector2(-440, -542), _help_text(""DEADLINE""))"
ui/main_help.gd,63,_build,visual_literal,UNREVIEWED,"_add_bubble(source, ""HandCardPrompt"", Vector2(0.5, 0), Vector2(-45, 620), _help_text(""HANDCARD""))"
ui/main_help.gd,64,_build,visual_literal,UNREVIEWED,"_add_bubble(source, ""MenuPrompt"", Vector2(0.5, 1), Vector2(1025, -270), _help_text(""MENU""))"
ui/main_help.gd,65,_build,visual_literal,UNREVIEWED,"_add_bubble(source, ""NextDayPrompt"", Vector2(1, 0), Vector2(-611, 718), _help_text(""NEXT_DAY""))"
ui/main_help.gd,66,_build,visual_literal,UNREVIEWED,"_add_bubble(source, ""OneTPrompt"", Vector2(0, 1), Vector2(878, -568), _help_text(""ONE_T""))"
ui/main_help.gd,67,_build,visual_literal,UNREVIEWED,"_add_bubble(source, ""InfoPrompt"", Vector2(1, 0.5), Vector2(-522, 205), _help_text(""INFO""))"
ui/main_help.gd,68,_build,visual_literal,UNREVIEWED,"_add_bubble(source, ""BagPrompt"", Vector2(0, 0), Vector2(720.2, 520), _help_text(""BAG""))"
ui/main_help.gd,69,_build,visual_literal,UNREVIEWED,"_add_bubble(source, ""GoldDicePrompt"", Vector2(0.5, 1), Vector2(279, -568), _help_text(""GOLD""))"
ui/main_help.gd,70,_build,visual_literal,UNREVIEWED,"_add_bubble(source, ""BackPrompt"", Vector2(1, 0), Vector2(-955, 490), _help_text(""BACK""))"
ui/main_help.gd,74,_add_bubble,visual_literal,UNREVIEWED,"var rect := _unity_rect(DESIGN_SPACE, anchor, anchor, pos, BUBBLE_SIZE, Vector2(0.5, 0.5))"
ui/main_help.gd,86,_add_bubble,visual_literal,UNREVIEWED,"bubble.add_theme_color_override(""default_color"", Color(""#f2e3c0""))"
ui/main_help.gd,106,_apply_layout,visual_literal,UNREVIEWED,child.position = Vector2.ZERO
ui/main_help.gd,108,_apply_layout,visual_literal,UNREVIEWED,"child.scale = Vector2(view_size.x / DESIGN_SPACE.x, view_size.y / DESIGN_SPACE.y)"
ui/main_menu.gd,27,<file>,constant;visual_literal,UNREVIEWED,"const DESIGN_SPACE := Vector2(3840, 2160)"
ui/main_menu.gd,28,<file>,constant;visual_literal,UNREVIEWED,"const MAIN_GROUP_SIZE := Vector2(2200, 1800)"
ui/main_menu.gd,29,<file>,constant,UNREVIEWED,const STACK_SPACING := 30
ui/main_menu.gd,30,<file>,constant,UNREVIEWED,"const TITLE_BG_PATH := ""res://assets/original/ui/bg_new_0.png"""
ui/main_menu.gd,32,<file>,constant;visual_literal,UNREVIEWED,"const BUTTON_SIZE := Vector2(668, 174)"
ui/main_menu.gd,33,<file>,constant;visual_literal,UNREVIEWED,"const BUTTON_IMAGE_SIZE := Vector2(668, 140)"
ui/main_menu.gd,34,<file>,constant,UNREVIEWED,const BUTTON_FONT_SIZE := 60
ui/main_menu.gd,72,_build_ui,visual_literal,UNREVIEWED,bg.position = Vector2.ZERO
ui/main_menu.gd,89,_layout_design,visual_literal,UNREVIEWED,"_design.scale = Vector2(view_size.x / DESIGN_SPACE.x, view_size.y / DESIGN_SPACE.y)"
ui/main_menu.gd,99,_build_title_view,visual_literal,UNREVIEWED,group.position = (DESIGN_SPACE - MAIN_GROUP_SIZE) * 0.5
ui/main_menu.gd,120,_build_title_view,visual_literal,UNREVIEWED,"logo.custom_minimum_size = Vector2(logo_style.width, logo_style.height) * 1.1"
ui/main_menu.gd,162,_build_title_view,visual_literal,UNREVIEWED,"line.custom_minimum_size = Vector2(2200, 100)"
ui/main_menu.gd,191,_build_buttons_group,visual_literal,UNREVIEWED,"group.custom_minimum_size = Vector2(1900, 200)"
ui/main_menu.gd,204,_build_buttons_group,visual_literal,UNREVIEWED,"button.custom_minimum_size = Vector2(405, 174)"
ui/main_menu.gd,205,_build_buttons_group,visual_literal,UNREVIEWED,"button.size = Vector2(405, 174)"
ui/main_menu.gd,208,_build_buttons_group,visual_literal,UNREVIEWED,var cell_width := (1900.0 - 480.0) / 3.0
ui/main_menu.gd,209,_build_buttons_group,visual_literal,UNREVIEWED,"button.position = Vector2(index * (cell_width + 240) + (cell_width - 405) / 2, 13)"
ui/main_menu.gd,223,_build_buttons_group,visual_literal,UNREVIEWED,"red.size = Vector2(114, 114)"
ui/main_menu.gd,225,_build_buttons_group,visual_literal,UNREVIEWED,"red.position = Vector2(405 + 56.5 - 57.0, 21 - 57.0)"
ui/main_menu.gd,244,_build_contacts_row,visual_literal,UNREVIEWED,"carrier.custom_minimum_size = Vector2(1820, 60)"
ui/main_menu.gd,250,_build_contacts_row,visual_literal,UNREVIEWED,"row.custom_minimum_size = Vector2(1820, 60)"
ui/main_menu.gd,254,_build_contacts_row,visual_literal,UNREVIEWED,"row.resized.connect(func(): row.position = Vector2((1820 - row.size.x) / 2, (60 - row.size.y) / 2))"
ui/main_menu.gd,260,_build_contacts_row,visual_literal,UNREVIEWED,"san.custom_minimum_size = Vector2(516, 100)"
ui/main_menu.gd,270,_build_contacts_row,visual_literal,UNREVIEWED,"var icon := _icon_button(entry[2], Vector2(120, 100), String(entry[1]))"
ui/main_menu.gd,277,_build_contacts_row,visual_literal,UNREVIEWED,"dot.size = Vector2(57, 57)"
ui/main_menu.gd,279,_build_contacts_row,visual_literal,UNREVIEWED,"dot.position = Vector2(120 - 20.4 - 28.5, 10.7 - 28.5)"
ui/main_menu.gd,288,_build_contacts_row,visual_literal,UNREVIEWED,"[""contact_bilibili.png"", Vector2(64, 56)],"
ui/main_menu.gd,289,_build_contacts_row,visual_literal,UNREVIEWED,"[""contact_red.png"", Vector2(72, 72)],"
ui/main_menu.gd,290,_build_contacts_row,visual_literal,UNREVIEWED,"[""content_tencent_channel.png"", Vector2(64, 64)],"
ui/main_menu.gd,291,_build_contacts_row,visual_literal,UNREVIEWED,"[""contact_X.png"", Vector2(64, 56)],"
ui/main_menu.gd,292,_build_contacts_row,visual_literal,UNREVIEWED,"[""contact_discord.png"", Vector2(72, 56)],"
ui/main_menu.gd,293,_build_contacts_row,visual_literal,UNREVIEWED,"[""contact_youtube.png"", Vector2(72, 56)],"
ui/main_menu.gd,303,_build_contacts_row,visual_literal,UNREVIEWED,"credits.custom_minimum_size = Vector2(516, 108)"
ui/main_menu.gd,305,_build_contacts_row,visual_literal,UNREVIEWED,"var credits_stamp := _icon_rect(""button_icon.png"", Vector2(516, 108))"
ui/main_menu.gd,314,_build_contacts_row,visual_literal,UNREVIEWED,"outline.size = Vector2(450, 56)"
ui/main_menu.gd,316,_build_contacts_row,visual_literal,UNREVIEWED,"outline.position = Vector2((516 - 450) * 0.5, 108 + 22 - 28)"
ui/main_menu.gd,332,_build_version,visual_literal,UNREVIEWED,"version.custom_minimum_size = Vector2(400, 50)"
ui/main_menu.gd,336,_build_version,visual_literal,UNREVIEWED,"version.add_theme_color_override(""font_color"", Color(""#b9a87a""))"
ui/main_menu.gd,342,_divider,visual_literal,UNREVIEWED,"line.custom_minimum_size = Vector2(100, 120)"
ui/main_menu.gd,343,_divider,visual_literal,UNREVIEWED,"var bar := _icon_rect(""scroll_bar.png"", Vector2(6, 120))"
ui/main_menu.gd,386,_title_button,visual_literal,UNREVIEWED,"button.add_theme_color_override(""font_color"", Color(""#f2e3b0""))"
ui/main_menu.gd,387,_title_button,visual_literal,UNREVIEWED,"button.add_theme_color_override(""font_hover_color"", Color(""#fff3c4""))"
ui/main_menu.gd,388,_title_button,visual_literal,UNREVIEWED,"button.add_theme_color_override(""font_pressed_color"", Color(""#e7d193""))"
ui/main_menu.gd,389,_title_button,visual_literal,UNREVIEWED,"button.add_theme_color_override(""font_disabled_color"", Color(0.62, 0.56, 0.44, 0.6))"
ui/map_controller.gd,19,_can_drop_data,visual_literal,UNREVIEWED,"func _can_drop_data(_at_position: Vector2, data: Variant) -> bool:"
ui/map_controller.gd,29,_drop_data,visual_literal,UNREVIEWED,"func _drop_data(_at_position: Vector2, data: Variant) -> void:"
ui/map_controller.gd,45,_drop_data,visual_literal,UNREVIEWED,var source_position: Vector2
ui/map_controller.gd,48,_init,visual_literal,UNREVIEWED,"func _init(position_index: int, position: Vector2) -> void:"
ui/map_controller.gd,57,add_rite,visual_literal,UNREVIEWED,"return source_position + Vector2(float(rite_uids.find(rite_uid)) * 100.0, 0.0)"
ui/map_controller.gd,61,add_rite,visual_literal,UNREVIEWED,"return source_position + Vector2(float(rite_uids.size() - 1) * 100.0, 0.0)"
ui/map_controller.gd,80,remove_rite,visual_literal,UNREVIEWED,var line_width := 1.0
ui/map_controller.gd,103,_draw,visual_literal,UNREVIEWED,var source_position: Vector2
ui/map_controller.gd,107,_init,visual_literal,UNREVIEWED,"func _init(source_node_name: String, source_location_name: String, root_position: Vector2, source_view: Control, source_positions: Array) -> void:"
ui/map_controller.gd,137,get_position,constant;visual_literal,UNREVIEWED,"const MAP_SIZE := Vector2(4200.0, 2600.0)"
ui/map_controller.gd,138,get_position,constant;visual_literal,UNREVIEWED,"const MAP_LOCAL_OFFSET := Vector2(0.0, -178.0)"
ui/map_controller.gd,140,get_position,constant;visual_literal,UNREVIEWED,"const CAMERA_POSITION := Vector2(97, -106)"
ui/map_controller.gd,141,get_position,constant,UNREVIEWED,const CAMERA_HALF_HEIGHT := 1732.0
ui/map_controller.gd,142,get_position,constant,UNREVIEWED,const MAP_SCALE := 1.25
ui/map_controller.gd,146,get_position,visual_literal,UNREVIEWED,"""Palace"": [[""Palace.png"", Vector2(-10, 21), Vector2(690, 446)]],"
ui/map_controller.gd,147,get_position,visual_literal,UNREVIEWED,"""Parish"": [[""Parish_1.png"", Vector2(61, -4), Vector2(296, 170)]],"
ui/map_controller.gd,148,get_position,visual_literal,UNREVIEWED,"""Outside"": [[""Outside_1.png"", Vector2(158, -625), Vector2(343, 222)]],"
ui/map_controller.gd,149,get_position,visual_literal,UNREVIEWED,"""Blackstreet"": [[""Blackstreet_1.png"", Vector2(-184, 202.5), Vector2(340, 226)], [""Blackstreet_2.png"", Vector2(8.5, -203), Vector2(736, 410)]],"
ui/map_controller.gd,150,get_position,visual_literal,UNREVIEWED,"""SelfHome"": [[""SelfHome.png"", Vector2(37, 105), Vector2(321, 211)]],"
ui/map_controller.gd,151,get_position,visual_literal,UNREVIEWED,"""Uptown"": [[""Uptown.png"", Vector2(3, 0), Vector2(723, 383)], [""Uptown_2.png"", Vector2(-802, -714), Vector2(223, 279)]],"
ui/map_controller.gd,152,get_position,visual_literal,UNREVIEWED,"""Downtown"": [[""Downtown_1.png"", Vector2(-98.5, 23.8), Vector2(261, 230)], [""Downtown_2.png"", Vector2(-760.5, -200), Vector2(261, 210)]],"
ui/map_controller.gd,155,get_position,visual_literal,UNREVIEWED,"{""node"": ""Palace"", ""location"": ""宫廷"", ""position"": Vector2(-477, 508), ""size"": Vector2(690, 446), ""active"": true, ""asset"": ""Palace.png"", ""rite_positions"": [Vector2(-87, -108), Vector2(104, 58), Vector2(-264, 7), Vector2(159, -220), Vector2(229, -55), Vector2(484, -174), Vector2(-164, -220), Vector2(-405, -108), Vector2(-213, 122), Vector2(438, 62), Vector2(11, 257)]},"
ui/map_controller.gd,156,get_position,visual_literal,UNREVIEWED,"{""node"": ""Treasure"", ""location"": ""奇珍"", ""position"": Vector2(-1238, 263), ""size"": Vector2(800, 500), ""active"": true, ""rite_positions"": [Vector2(1117, 714), Vector2(-152, 33), Vector2(604, -1079), Vector2(2174, -237), Vector2(449, 689), Vector2(2774, 536), Vector2(2736, -941), Vector2(-583, 570), Vector2(1287, -910), Vector2(1767, -1046), Vector2(3129, -777), Vector2(-167, -1122), Vector2(-922, 569), Vector2(3140, 566), Vector2(-802, -1171)]},"
ui/map_controller.gd,157,get_position,visual_literal,UNREVIEWED,"{""node"": ""Enemy"", ""location"": ""大敌"", ""position"": Vector2(-1238, 263), ""size"": Vector2(800, 500), ""active"": true, ""rite_positions"": [Vector2(1328, 188), Vector2(1843, -713), Vector2(1928, -66), Vector2(2737, -791), Vector2(-79, 163), Vector2(-531, -940)]},"
ui/map_controller.gd,158,get_position,visual_literal,UNREVIEWED,"{""node"": ""Parish"", ""location"": ""神殿区"", ""position"": Vector2(-1414, 521), ""size"": Vector2(800, 500), ""active"": true, ""asset"": ""Parish_1.png"", ""rite_positions"": [Vector2(-281, -2), Vector2(-467, -285), Vector2(310, 32), Vector2(-419, -141), Vector2(120, 166), Vector2(17, 25), Vector2(-200, 137), Vector2(146, 313), Vector2(-737, -120), Vector2(-681, 61), Vector2(-68, 454)]},"
ui/map_controller.gd,159,get_position,visual_literal,UNREVIEWED,"{""node"": ""Outside"", ""location"": ""野外"", ""position"": Vector2(1380, 197), ""size"": Vector2(800, 500), ""active"": true, ""asset"": ""Outside_1.png"", ""rite_positions"": [Vector2(32, 403), Vector2(-353, 99), Vector2(57, 33), Vector2(-217, 565), Vector2(-52, 228), Vector2(-59, -98), Vector2(-460, -353), Vector2(-479, -484), Vector2(-129, -384), Vector2(-399, -634), Vector2(-276, -792), Vector2(-17, -572), Vector2(145, -258), Vector2(251, -418), Vector2(-501, 310)]},"
ui/map_controller.gd,160,get_position,visual_literal,UNREVIEWED,"{""node"": ""Blackstreet"", ""location"": ""黑街"", ""position"": Vector2(439, -70), ""size"": Vector2(800, 500), ""active"": true, ""asset"": ""Blackstreet_1.png"", ""rite_positions"": [Vector2(147, 287), Vector2(-139, -179), Vector2(-797, -251), Vector2(-887, -364), Vector2(-567, -420), Vector2(-478, -302), Vector2(-243, -412), Vector2(-141, -298), Vector2(-283, -71), Vector2(-211, 206), Vector2(92, -52), Vector2(201, -175), Vector2(237, 156), Vector2(-945, -137), Vector2(-603, -79), Vector2(-479, -188), Vector2(-72, 92), Vector2(460, 322), Vector2(501, 447), Vector2(-129, -626)]},"
ui/map_controller.gd,161,get_position,visual_literal,UNREVIEWED,"{""node"": ""Skill"", ""location"": ""技能树"", ""position"": Vector2(-1238, 263), ""size"": Vector2(800, 500), ""active"": true, ""rite_positions"": [Vector2(3465, -1461)]},"
ui/map_controller.gd,162,get_position,visual_literal,UNREVIEWED,"{""node"": ""SelfHome"", ""location"": ""自宅"", ""position"": Vector2(-1506, -141), ""size"": Vector2(321, 211), ""active"": true, ""asset"": ""SelfHome.png"", ""rite_positions"": [Vector2(24, 3), Vector2(-295, 11), Vector2(44, 120), Vector2(338, -3), Vector2(106, -113), Vector2(82, 234), Vector2(-211, -114), Vector2(-155, -242), Vector2(164, -248), Vector2(-280, 173), Vector2(145, -389), Vector2(440, -532), Vector2(-637, -482), Vector2(-680, 92)]},"
ui/map_controller.gd,163,get_position,visual_literal,UNREVIEWED,"{""node"": ""Harem"", ""location"": ""后宫"", ""position"": Vector2(-1238, 263), ""size"": Vector2(800, 500), ""active"": false, ""rite_positions"": [Vector2(158, 17), Vector2(41, 59)]},"
ui/map_controller.gd,164,get_position,visual_literal,UNREVIEWED,"{""node"": ""End"", ""location"": ""结局"", ""position"": Vector2(-1238, 263), ""size"": Vector2(800, 500), ""active"": true, ""rite_positions"": [Vector2(-904, -731), Vector2(1976, 478), Vector2(0, -500), Vector2(830, -429), Vector2(1185, -32), Vector2(533, 292), Vector2(673, 138), Vector2(3038, 148), Vector2(1102, -170), Vector2(726, -870), Vector2(554, -194), Vector2(900, 539), Vector2(1488, 1447), Vector2(1096, -489), Vector2(282, 464), Vector2(2774, 705), Vector2(2532, 748), Vector2(1523, -859), Vector2(997, 1782), Vector2(1546, 1627)]},"
ui/map_controller.gd,165,get_position,visual_literal,UNREVIEWED,"{""node"": ""Uptown"", ""location"": ""上城区"", ""position"": Vector2(-65, 768), ""size"": Vector2(723, 383), ""active"": true, ""asset"": ""Uptown.png"", ""rite_positions"": [Vector2(-675, -754), Vector2(-995, -706), Vector2(-764, -863), Vector2(-445, -864), Vector2(-580, -635), Vector2(-907, -588), Vector2(19, 56), Vector2(409, -136), Vector2(398, -2), Vector2(-36, -78), Vector2(386, 143), Vector2(482, -267)]},"
ui/map_controller.gd,166,get_position,visual_literal,UNREVIEWED,"{""node"": ""Downtown"", ""location"": ""商业区"", ""position"": Vector2(-121, -133), ""size"": Vector2(800, 500), ""active"": true, ""asset"": ""Downtown_1.png"", ""rite_positions"": [Vector2(-232, -383), Vector2(95, -238), Vector2(4, 8), Vector2(74, 131), Vector2(-92, -108), Vector2(194, -113), Vector2(-269, -11), Vector2(284, 1), Vector2(261, 397), Vector2(337, -503)]},"
ui/map_controller.gd,176,get_position,constant;visual_literal,UNREVIEWED,"const RITE_PIN_ICON_SIZE := Vector2(123.0, 133.0)"
ui/map_controller.gd,177,get_position,constant;visual_literal,UNREVIEWED,"const RITE_PIN_ICON_ANCHORED_POSITION := Vector2(0.0, -17.6)"
ui/map_controller.gd,178,get_position,constant;visual_literal,UNREVIEWED,"const RITE_PIN_ICON_PIVOT := Vector2(0.5, 0.0)"
ui/map_controller.gd,179,get_position,constant;visual_literal,UNREVIEWED,"const RITE_CARD_BOUND_SIZE := Vector2(123.0, 133.0)"
ui/map_controller.gd,180,get_position,constant;visual_literal,UNREVIEWED,"const RITE_CARD_BOUND_ANCHORED_POSITION := Vector2(0.0, -18.0)"
ui/map_controller.gd,181,get_position,constant;visual_literal,UNREVIEWED,"const RITE_CARD_BOUND_PIVOT := Vector2(0.5, 0.0)"
ui/map_controller.gd,186,get_position,constant;visual_literal,UNREVIEWED,"const RITE_CARD_BOUND_CENTER_OFFSET := Vector2(0.0, 48.5)"
ui/map_controller.gd,187,get_position,constant;visual_literal,UNREVIEWED,"const RITE_CARD_BOUND_EXTENTS := Vector2(61.5, 66.5)"
ui/map_controller.gd,195,get_position,constant;visual_literal,UNREVIEWED,"const RITE_CARD_BG_BOUNDS := Rect2(Vector2(-2457.0, -1145.8), Vector2(4914.0, 2576.4))"
ui/map_controller.gd,308,refresh_context,declared_gap,UNREVIEWED,## deeply-authored particle hierarchy and remains explicitly unported.
ui/map_controller.gd,382,_play_think_animation,visual_literal,UNREVIEWED,"front.scale = Vector2(0.96, 0.96)"
ui/map_controller.gd,383,_play_think_animation,motion,UNREVIEWED,var tween := create_tween()
ui/map_controller.gd,384,_play_think_animation,motion,UNREVIEWED,tween.set_trans(Tween.TRANS_QUAD).set_ease(Tween.EASE_OUT)
ui/map_controller.gd,385,_play_think_animation,motion,UNREVIEWED,"tween.tween_property(front, ""rotation"", 0.0, 0.18)"
ui/map_controller.gd,386,_play_think_animation,motion,UNREVIEWED,"tween.parallel().tween_property(front, ""scale"", Vector2.ONE, 0.22)"
ui/map_controller.gd,387,_play_think_animation,motion,UNREVIEWED,"tween.tween_property(front, ""rotation"", -0.018, 0.12)"
ui/map_controller.gd,388,_play_think_animation,motion,UNREVIEWED,"tween.tween_property(front, ""rotation"", 0.0, 0.12)"
ui/map_controller.gd,394,_set_think_drop_highlight,visual_literal,UNREVIEWED,"_think_drop_zone.self_modulate = Color(""#ffe7a6"") if highlighted else Color.WHITE"
ui/map_controller.gd,413,_layout,visual_literal,UNREVIEWED,"var source_position: Vector2 = spec[""position""]"
ui/map_controller.gd,417,_layout,visual_literal,UNREVIEWED,location.position = (center - location.size * 0.5).round()
ui/map_controller.gd,423,_layout,visual_literal,UNREVIEWED,"art.position = location.size * 0.5 + Vector2(offset.x, -offset.y) * _map_scale() - art.size * 0.5"
ui/map_controller.gd,426,_layout,visual_literal,UNREVIEWED,"_think_drop_zone.size = Vector2(400, 704) * k"
ui/map_controller.gd,427,_layout,visual_literal,UNREVIEWED,"_think_drop_zone.position = Vector2(0, size.y - 704 * k)"
ui/map_controller.gd,429,_layout,visual_literal,UNREVIEWED,"back.size = Vector2(388, 704) * k"
ui/map_controller.gd,431,_layout,visual_literal,UNREVIEWED,"front.size = Vector2(400, 700) * k"
ui/map_controller.gd,432,_layout,visual_literal,UNREVIEWED,"front.position = Vector2(0, 4 * k)"
ui/map_controller.gd,438,_map_local_to_canvas,visual_literal,UNREVIEWED,func _map_local_to_canvas(source_position: Vector2) -> Vector2:
ui/map_controller.gd,572,_create_rite_pin_line,visual_literal,UNREVIEWED,line.position = Vector2.ZERO
ui/map_controller.gd,578,_create_rite_pin_line,visual_literal,UNREVIEWED,"line.line_width = float(from_data.get(""width"", 0.0))"
ui/map_controller.gd,580,_create_rite_pin_line,visual_literal,UNREVIEWED,line.line_width = 5.0
ui/map_controller.gd,598,sample_rite_pin_line,motion,UNREVIEWED,"points.append(start.lerp(ending, t))"
ui/map_controller.gd,614,sample_rite_pin_line,motion,UNREVIEWED,## arrowLength behind the endpoint and wing separation is length*sin(angle).
ui/map_controller.gd,619,_rite_pin_line_arrow,visual_literal,UNREVIEWED,"var scale := minf(size.x / 3840.0, size.y / 2160.0)"
ui/map_controller.gd,626,_rite_pin_line_arrow,motion,UNREVIEWED,var wing_length := length * sin(deg_to_rad(angle_degrees))
ui/map_controller.gd,679,refresh_rite_cards,declared_gap,UNREVIEWED,"# special-rite offsets are a separate, still-unported Init branch."
ui/map_controller.gd,689,refresh_rite_cards,visual_literal,UNREVIEWED,"outline.modulate = Color(1, 1, 1, 0)"
ui/map_controller.gd,715,_build_rite_title,visual_literal,UNREVIEWED,"# Left=56, Title=PreferredWidth, Right=57, height=77; RiteShows.asset.]"
ui/map_controller.gd,722,_build_rite_title,visual_literal,UNREVIEWED,"var text_width := ceilf(font.get_string_size(title.text, HORIZONTAL_ALIGNMENT_LEFT, -1, title.get_theme_font_size(""font_size"")).x)"
ui/map_controller.gd,728,_build_rite_title,visual_literal,UNREVIEWED,"banner.size = Vector2(56 + text_width + 57, 77)"
ui/map_controller.gd,736,_build_rite_title,visual_literal,UNREVIEWED,"ending.position = Vector2(56 + text_width, 0)"
ui/map_controller.gd,737,_build_rite_title,visual_literal,UNREVIEWED,"ending.size = Vector2(57, 77)"
ui/map_controller.gd,740,_build_rite_title,visual_literal,UNREVIEWED,"title.position = Vector2(56, 0)"
ui/map_controller.gd,741,_build_rite_title,visual_literal,UNREVIEWED,"title.size = Vector2(text_width, 77)"
ui/map_controller.gd,753,_on_rite_title_size_changed,visual_literal,UNREVIEWED,"var width := ceilf(title.get_theme_font(""font"").get_string_size(title.text, HORIZONTAL_ALIGNMENT_LEFT, -1, title.get_theme_font_size(""font_size"")).x)"
ui/map_controller.gd,769,_rite_card_bound,visual_literal,UNREVIEWED,var width := banner.size.x + 61.5 if banner != null else 123.0
ui/map_controller.gd,770,_rite_card_bound,visual_literal,UNREVIEWED,"return Rect2(-61.5, -18, width, 133)"
ui/map_controller.gd,783,_layout_rite_pins,visual_literal,UNREVIEWED,"var source_position: Vector2 = source_positions.get(rite_id, Vector2.ZERO)"
ui/map_controller.gd,800,_layout_rite_pin,visual_literal,UNREVIEWED,"func _layout_rite_pin(pin: Control, source_position: Vector2) -> void:"
ui/map_controller.gd,804,_layout_rite_card,visual_literal,UNREVIEWED,"func _layout_rite_card(card: Control, source_position: Vector2) -> void:"
ui/map_controller.gd,808,_layout_rite_card,visual_literal,UNREVIEWED,var source_scale := Vector2.ONE * _map_scale()
ui/map_controller.gd,811,_layout_rite_card,visual_literal,UNREVIEWED,"banner.position = Vector2(61.5, 23.5) * source_scale"
ui/map_controller.gd,814,_layout_rite_card,visual_literal,UNREVIEWED,"outline.size = Vector2(152, 208) * _map_scale()"
ui/map_controller.gd,815,_layout_rite_card,visual_literal,UNREVIEWED,"outline.position = Vector2(-14.5, -69.4) * _map_scale()"
ui/map_controller.gd,818,_layout_map_rect,visual_literal,UNREVIEWED,"func _layout_map_rect(view: Control, source_position: Vector2, rect_size: Vector2, anchored_position: Vector2, pivot: Vector2) -> void:"
ui/map_controller.gd,819,_layout_map_rect,visual_literal,UNREVIEWED,var source_scale := Vector2.ONE * _map_scale()
ui/map_controller.gd,826,_layout_map_rect,visual_literal,UNREVIEWED,"view.position = (root + Vector2(source_top_left.x * source_scale.x, -source_top_left.y * source_scale.y)).round()"
ui/map_controller.gd,954,resolve_rite_card_pair_position,visual_literal,UNREVIEWED,"static func resolve_rite_card_pair_position(fixed_root: Vector2, moved_root: Vector2, fixed_bound: Rect2 = Rect2(-61.5, -18, 123, 133), moved_bound: Rect2 = Rect2(-61.5, -18, 123, 133)) -> Vector2:"
ui/map_controller.gd,1038,_draw,visual_literal,UNREVIEWED,var world_scale := size.y / (CAMERA_HALF_HEIGHT * 2.0)
ui/map_controller.gd,1039,_draw,visual_literal,UNREVIEWED,"var table_size := Vector2(4896, 2947) * 2.0 * world_scale"
ui/map_controller.gd,1040,_draw,visual_literal,UNREVIEWED,"draw_texture_rect(TABLE_TEXTURE, Rect2(_world_to_canvas(Vector2.ZERO) - table_size * 0.5, table_size), false)"
ui/map_controller.gd,1042,_draw,visual_literal,UNREVIEWED,"var map_size := Vector2(4095, 2147) * 1.5 * world_scale"
ui/map_controller.gd,1043,_draw,visual_literal,UNREVIEWED,"draw_texture_rect(map_texture, Rect2(_world_to_canvas(Vector2.ZERO) - map_size * 0.5, map_size), false)"
ui/map_controller.gd,1056,_draw,motion,UNREVIEWED,var _hint_tween: Tween
ui/map_controller.gd,1061,set_satisfied_hint,motion,UNREVIEWED,if _hint_tween != null and _hint_tween.is_valid():
ui/map_controller.gd,1062,set_satisfied_hint,motion,UNREVIEWED,_hint_tween.kill()
ui/map_controller.gd,1063,set_satisfied_hint,motion,UNREVIEWED,_hint_tween = null
ui/map_controller.gd,1073,set_satisfied_hint,motion,UNREVIEWED,_hint_tween = create_tween()
ui/map_controller.gd,1074,set_satisfied_hint,motion,UNREVIEWED,"_hint_tween.tween_method(_set_hint_fade_in, 0.0, 1.0, 0.25)"
ui/map_controller.gd,1075,set_satisfied_hint,motion,UNREVIEWED,_hint_tween.tween_interval(0.5)
ui/map_controller.gd,1076,set_satisfied_hint,motion,UNREVIEWED,"_hint_tween.tween_method(_set_hint_fade_out, 0.0, 1.0, 0.25)"
ui/map_controller.gd,1077,set_satisfied_hint,motion,UNREVIEWED,_hint_tween.tween_callback(func(): satisfied_hint = false)
ui/map_controller.gd,1080,_set_hint_fade_in,motion,UNREVIEWED,"(get_node(""IconOutline"") as CanvasItem).modulate.a = smoothstep(0.0, 1.0, t)"
ui/map_controller.gd,1083,_set_hint_fade_out,motion,UNREVIEWED,"(get_node(""IconOutline"") as CanvasItem).modulate.a = 1.0 - smoothstep(0.0, 1.0, t)"
ui/over_new_after_story_item.gd,7,<file>,constant;visual_literal,UNREVIEWED,"const ITEM_SIZE := Vector2(1000, 1900)"
ui/over_new_after_story_item.gd,41,_build_surface,visual_literal,UNREVIEWED,_icon.position = Vector2.ZERO
ui/over_new_after_story_item.gd,42,_build_surface,visual_literal,UNREVIEWED,"_icon.size = Vector2(1000, 1028)"
ui/over_new_after_story_item.gd,50,_build_surface,visual_literal,UNREVIEWED,"_scroll.position = Vector2(0, 1028)"
ui/over_new_after_story_item.gd,51,_build_surface,visual_literal,UNREVIEWED,"_scroll.size = Vector2(1000, 872)"
ui/over_new_after_story_item.gd,57,_build_surface,visual_literal,UNREVIEWED,"text.custom_minimum_size = Vector2(980, 872)"
ui/over_new_after_story_item.gd,73,set_zoom_layout,visual_literal,UNREVIEWED,"_icon.position = Vector2(width - 471.0, 436.0)"
ui/over_new_after_story_item.gd,74,set_zoom_layout,visual_literal,UNREVIEWED,"_icon.size = Vector2(471, 1028)"
ui/over_new_after_story_item.gd,75,set_zoom_layout,visual_literal,UNREVIEWED,_scroll.position = Vector2.ZERO
ui/over_new_after_story_item.gd,76,set_zoom_layout,visual_literal,UNREVIEWED,"_scroll.size = Vector2(width - 471.0, 1900)"
ui/over_new_after_story_item.gd,78,set_zoom_layout,visual_literal,UNREVIEWED,_icon.position = Vector2.ZERO
ui/over_new_after_story_item.gd,79,set_zoom_layout,visual_literal,UNREVIEWED,"_icon.size = Vector2(width, 1028)"
ui/over_new_after_story_item.gd,80,set_zoom_layout,visual_literal,UNREVIEWED,"_scroll.position = Vector2(0, 1028)"
ui/over_new_after_story_item.gd,81,set_zoom_layout,visual_literal,UNREVIEWED,"_scroll.size = Vector2(width, 872)"
ui/over_new_after_story_item.gd,92,unbind,empty_body,UNREVIEWED,pass
ui/over_new_step2.gd,10,<file>,constant;visual_literal,UNREVIEWED,"const DESIGN_SPACE := Vector2(3840, 2160)"
ui/over_new_step2.gd,18,<file>,motion,UNREVIEWED,var _mask_group_tween: Tween
ui/over_new_step2.gd,24,setup,visual_literal,UNREVIEWED,position = Vector2.ZERO
ui/over_new_step2.gd,30,setup,visual_literal,UNREVIEWED,full_cg.position = Vector2.ZERO
ui/over_new_step2.gd,39,setup,visual_literal,UNREVIEWED,mask_group.position = Vector2.ZERO
ui/over_new_step2.gd,47,setup,visual_literal,UNREVIEWED,cg_mask.position = Vector2.ZERO
ui/over_new_step2.gd,63,set_animation_mask_alpha,motion,UNREVIEWED,"cg_mask.self_modulate.a = smoothstep(0.0, 1.0, value)"
ui/over_new_step2.gd,73,update_mask_canvas_group,motion,UNREVIEWED,if _mask_group_tween != null:
ui/over_new_step2.gd,74,update_mask_canvas_group,motion,UNREVIEWED,_mask_group_tween.kill()
ui/over_new_step2.gd,75,update_mask_canvas_group,motion,UNREVIEWED,_mask_group_tween = create_tween()
ui/over_new_step2.gd,76,update_mask_canvas_group,motion;visual_literal,UNREVIEWED,"_mask_group_tween.tween_property(mask_group, ""modulate:a"", 1.0, 5.0)"
ui/over_new_step2.gd,84,_build_over_title,visual_literal,UNREVIEWED,"over_title.position = Vector2(100, 1960)"
ui/over_new_step2.gd,85,_build_over_title,visual_literal,UNREVIEWED,"over_title.size = Vector2(100, 100)"
ui/over_new_step2.gd,90,_build_over_title,visual_literal,UNREVIEWED,"bg.position = Vector2(50, 0)"
ui/over_new_step2.gd,91,_build_over_title,visual_literal,UNREVIEWED,"bg.size = Vector2(4000, 100)"
ui/over_new_step2.gd,96,_build_over_title,visual_literal,UNREVIEWED,"board.position = Vector2(0, 10)"
ui/over_new_step2.gd,97,_build_over_title,visual_literal,UNREVIEWED,"board.size = Vector2(800, 80)"
ui/over_new_step2.gd,106,_build_over_title,visual_literal,UNREVIEWED,"border.position = Vector2(8, 10)"
ui/over_new_step2.gd,107,_build_over_title,visual_literal,UNREVIEWED,"border.size = Vector2(13, 80)"
ui/over_new_step2.gd,116,_build_over_title,visual_literal,UNREVIEWED,"title_row.position = Vector2(20, 0)"
ui/over_new_step2.gd,117,_build_over_title,visual_literal,UNREVIEWED,"title_row.size = Vector2(3960, 100)"
ui/over_new_step2.gd,124,_build_over_title,visual_literal,UNREVIEWED,"name_label.custom_minimum_size = Vector2(0, 80)"
ui/over_new_step2.gd,126,_build_over_title,visual_literal,UNREVIEWED,"name_label.add_theme_color_override(""font_color"", Color(1.0, 0.8126906, 0.0))"
ui/over_new_step2.gd,132,_build_over_title,visual_literal,UNREVIEWED,"npc_head_container.custom_minimum_size = Vector2(30, 100)"
ui/over_new_step2.gd,194,_build_npc_heads,visual_literal,UNREVIEWED,"item.custom_minimum_size = Vector2(100, 100)"
ui/over_new_step2.gd,195,_build_npc_heads,visual_literal,UNREVIEWED,"item.size = Vector2(100, 100)"
ui/over_new_step2.gd,199,_build_npc_heads,visual_literal,UNREVIEWED,"head.position = Vector2(4, -16)"
ui/over_new_step2.gd,200,_build_npc_heads,visual_literal,UNREVIEWED,"head.size = Vector2(92, 92)"
ui/over_new_step2_story.gd,11,<file>,constant;visual_literal,UNREVIEWED,"const DESIGN_SPACE := Vector2(3840, 2160)"
ui/over_new_step2_story.gd,12,<file>,constant;visual_literal,UNREVIEWED,"const STORY_VIEW_RECT := Rect2(2640, 200, 1050, 1760)"
ui/over_new_step2_story.gd,13,<file>,constant;visual_literal,UNREVIEWED,"const AFTER_STORY_RECT := Rect2(2790, 200, 1000, 1860)"
ui/over_new_step2_story.gd,14,<file>,constant;visual_literal,UNREVIEWED,"const STORY_JUMP_RECT := Rect2(3136, 1990, 44, 51)"
ui/over_new_step2_story.gd,15,<file>,constant;visual_literal,UNREVIEWED,"const ZOOM_RECT := Rect2(3547, 60, 93, 93)"
ui/over_new_step2_story.gd,16,<file>,constant,UNREVIEWED,const ITEM_WIDTH := 1000.0
ui/over_new_step2_story.gd,17,<file>,constant,UNREVIEWED,const PLAY_SPEED := 20.0
ui/over_new_step2_story.gd,18,<file>,constant,UNREVIEWED,const ZOOM_TIME := 0.1
ui/over_new_step2_story.gd,19,<file>,constant,UNREVIEWED,const ZOOM_SWITCH := 0.2
ui/over_new_step2_story.gd,20,<file>,constant;visual_literal,UNREVIEWED,"const BG_WIDTH_RANGE := Vector2(1707, 4800)"
ui/over_new_step2_story.gd,21,<file>,constant;visual_literal,UNREVIEWED,"const STORY_WIDTH_RANGE := Vector2(1050, 3540)"
ui/over_new_step2_story.gd,22,<file>,constant;visual_literal,UNREVIEWED,"const STORY_BLOCKER_WIDTH_RANGE := Vector2(1000, 3740)"
ui/over_new_step2_story.gd,23,<file>,constant;visual_literal,UNREVIEWED,"const AFTER_STORY_WIDTH_RANGE := Vector2(1000, 3740)"
ui/over_new_step2_story.gd,47,<file>,motion,UNREVIEWED,var _zoom_tween: Tween
ui/over_new_step2_story.gd,90,_build_surface,visual_literal,UNREVIEWED,"_bg.position = Vector2(2133, 0)"
ui/over_new_step2_story.gd,91,_build_surface,visual_literal,UNREVIEWED,"_bg.size = Vector2(1707, 2160)"
ui/over_new_step2_story.gd,109,_build_surface,visual_literal,UNREVIEWED,"content_root.custom_minimum_size = Vector2(1033, 520)"
ui/over_new_step2_story.gd,113,_build_surface,visual_literal,UNREVIEWED,"front.custom_minimum_size = Vector2(893, 300)"
ui/over_new_step2_story.gd,118,_build_surface,visual_literal,UNREVIEWED,"title.custom_minimum_size = Vector2(893, 180)"
ui/over_new_step2_story.gd,125,_build_surface,visual_literal,UNREVIEWED,"spacer.custom_minimum_size = Vector2(893, 40)"
ui/over_new_step2_story.gd,130,_build_surface,visual_literal,UNREVIEWED,"_story_text.custom_minimum_size = Vector2(893, 0)"
ui/over_new_step2_story.gd,136,_build_surface,visual_literal,UNREVIEWED,"_story_blocker.position = Vector2(2790, 200)"
ui/over_new_step2_story.gd,137,_build_surface,visual_literal,UNREVIEWED,"_story_blocker.size = Vector2(1000, 1760)"
ui/over_new_step2_story.gd,155,_build_after_story_surface,visual_literal,UNREVIEWED,_after_viewport.position = Vector2.ZERO
ui/over_new_step2_story.gd,156,_build_after_story_surface,visual_literal,UNREVIEWED,"_after_viewport.size = Vector2(1000, 1760)"
ui/over_new_step2_story.gd,165,_build_after_story_surface,visual_literal,UNREVIEWED,"_ops.position = Vector2(0, 1760)"
ui/over_new_step2_story.gd,166,_build_after_story_surface,visual_literal,UNREVIEWED,"_ops.size = Vector2(1000, 200)"
ui/over_new_step2_story.gd,168,_build_after_story_surface,visual_literal,UNREVIEWED,"_prev = _pager_button(""Prev"", Rect2(216, 13, 168, 156), ""page_left_0.png"")"
ui/over_new_step2_story.gd,171,_build_after_story_surface,visual_literal,UNREVIEWED,"_next = _pager_button(""Next"", Rect2(616, 13, 168, 156), ""page_right.png"")"
ui/over_new_step2_story.gd,174,_build_after_story_surface,visual_literal,UNREVIEWED,"_confirm = _pager_button(""Confirm"", Rect2(976, 110, 44, 51), ""jump.png"")"
ui/over_new_step2_story.gd,204,_init_after_story_items,visual_literal,UNREVIEWED,"item.position = Vector2(_items.size() * ITEM_WIDTH, -70)"
ui/over_new_step2_story.gd,207,_init_after_story_items,visual_literal,UNREVIEWED,"_after_content.size = Vector2(_items.size() * ITEM_WIDTH, 1900)"
ui/over_new_step2_story.gd,470,toggle_zoom,motion,UNREVIEWED,# DOTween drives Range to 1/0 over 0.1s and toggles Zoom only on completion.
ui/over_new_step2_story.gd,471,toggle_zoom,motion,UNREVIEWED,if _zoom_tween != null and _zoom_tween.is_running():
ui/over_new_step2_story.gd,474,toggle_zoom,motion,UNREVIEWED,_zoom_tween = create_tween()
ui/over_new_step2_story.gd,475,toggle_zoom,motion,UNREVIEWED,_zoom_tween.set_trans(Tween.TRANS_QUAD).set_ease(Tween.EASE_OUT)
ui/over_new_step2_story.gd,476,toggle_zoom,motion,UNREVIEWED,"_zoom_tween.tween_method(_apply_zoom_range, _zoom_range, target, ZOOM_TIME)"
ui/over_new_step2_story.gd,477,toggle_zoom,motion,UNREVIEWED,_zoom_tween.finished.connect(func(): _zoomed = not _zoomed)
ui/over_new_step2_story.gd,484,_apply_zoom_range,motion,UNREVIEWED,"var bg_width := lerpf(BG_WIDTH_RANGE.x, BG_WIDTH_RANGE.y, _zoom_range)"
ui/over_new_step2_story.gd,485,_apply_zoom_range,motion,UNREVIEWED,"var story_width := lerpf(STORY_WIDTH_RANGE.x, STORY_WIDTH_RANGE.y, _zoom_range)"
ui/over_new_step2_story.gd,486,_apply_zoom_range,motion,UNREVIEWED,"var blocker_width := lerpf(STORY_BLOCKER_WIDTH_RANGE.x, STORY_BLOCKER_WIDTH_RANGE.y, _zoom_range)"
ui/over_new_step2_story.gd,487,_apply_zoom_range,motion,UNREVIEWED,"var after_width := lerpf(AFTER_STORY_WIDTH_RANGE.x, AFTER_STORY_WIDTH_RANGE.y, _zoom_range)"
ui/over_node_view.gd,11,<file>,constant;visual_literal,UNREVIEWED,"const ROW_SIZE := Vector2(2301, 360)"
ui/over_node_view.gd,36,_build_surface,visual_literal,UNREVIEWED,"_place(_texture(""hightlight.png""), Rect2(677, -15.68, 1624, 360), ""highlight"")"
ui/over_node_view.gd,37,_build_surface,visual_literal,UNREVIEWED,"_place(_texture(""slash.png""), Rect2(0, 330, 2301, 30), ""footer"")"
ui/over_node_view.gd,43,_build_surface,visual_literal,UNREVIEWED,"_place(record, Rect2(1723, 104.82, 324, 140))"
ui/over_node_view.gd,46,_build_surface,visual_literal,UNREVIEWED,"_place_child(record, record_art, Rect2(Vector2.ZERO, record.size), ""Repeat"")"
ui/over_node_view.gd,51,_build_surface,visual_literal,UNREVIEWED,"_place_child(record, record_text, Rect2(49.3, 0, 208.6, 140), ""Text"")"
ui/over_node_view.gd,57,_build_surface,visual_literal,UNREVIEWED,"_place(delete, Rect2(2110.61, 95.82, 168, 158))"
ui/over_node_view.gd,60,_build_surface,visual_literal,UNREVIEWED,"_place_child(delete, delete_art, Rect2(Vector2.ZERO, delete.size), ""DeleteIcon"")"
ui/over_node_view.gd,63,_build_surface,visual_literal,UNREVIEWED,"_place(normal_icon, Rect2(13.6, 108.5, 312, 220), ""NomalIcon"")"
ui/over_node_view.gd,64,_build_surface,visual_literal,UNREVIEWED,"_place_child(normal_icon, _texture(""fail.png""), Rect2(Vector2.ZERO, normal_icon.size), ""Fail"")"
ui/over_node_view.gd,68,_build_surface,visual_literal,UNREVIEWED,"_place_child(normal_icon, victory_icon, Rect2(-14, -104, 340, 324), ""VictoryIcon"")"
ui/over_node_view.gd,73,_build_surface,visual_literal,UNREVIEWED,"_place_child(normal_icon, success_title, Rect2(56, 110.07, 200, 50), ""Success"")"
ui/over_node_view.gd,78,_build_surface,visual_literal,UNREVIEWED,"_place_child(normal_icon, dead_title, Rect2(56, 110.07, 200, 50), ""Dead"")"
ui/over_node_view.gd,82,_build_surface,visual_literal,UNREVIEWED,"_place(title_group, Rect2(411, 41.32, 1208.72, 80), ""TitleGroup"")"
ui/over_node_view.gd,85,_build_surface,visual_literal,UNREVIEWED,"title.custom_minimum_size = Vector2(0, 80)"
ui/over_node_view.gd,89,_build_surface,visual_literal,UNREVIEWED,"time.custom_minimum_size = Vector2(0, 80)"
ui/over_node_view.gd,95,_build_surface,visual_literal,UNREVIEWED,"_place(desc, Rect2(411, 148.24, 1159.18, 140.52), ""Desc"")"
ui/over_node_view.gd,106,_build_delete_confirm,visual_literal,UNREVIEWED,"_place(_delete_confirm, Rect2(2190.61, 249.82, 164, 80))"
ui/over_node_view.gd,113,_build_delete_confirm,visual_literal,UNREVIEWED,"_place(_delete_cancel, Rect2(2066.61, 250.82, 84, 79))"
ui/over_node_view.gd,140,_label,visual_literal,UNREVIEWED,"label.add_theme_color_override(""font_color"", Color(""#eadbb8""))"
ui/over_record_view.gd,8,<file>,constant;visual_literal,UNREVIEWED,"const PANEL_SIZE := Vector2(2500, 1960)"
ui/over_record_view.gd,9,<file>,constant;visual_literal,UNREVIEWED,"const ROW_SIZE := Vector2(2301, 360)"
ui/over_record_view.gd,10,<file>,constant,UNREVIEWED,const TOP_PADDING := 115.0
ui/over_record_view.gd,11,<file>,constant,UNREVIEWED,const ROW_SPACING := 15.0
ui/over_record_view.gd,46,_build_surface,visual_literal,UNREVIEWED,"_content.custom_minimum_size = Vector2(2301, TOP_PADDING)"
ui/over_record_view.gd,51,_build_surface,visual_literal,UNREVIEWED,"spacer.custom_minimum_size = Vector2(2301, TOP_PADDING)"
ui/point_shop_controller.gd,17,<file>,constant;visual_literal,UNREVIEWED,"const DESIGN_SPACE := Vector2(3840, 2160)"
ui/point_shop_controller.gd,54,_build_source_surface,visual_literal,UNREVIEWED,"_design.add_child(_texture_rect(""Background"", Rect2(Vector2.ZERO, DESIGN_SPACE), ""bg_6.png""))"
ui/point_shop_controller.gd,66,_layout_design,visual_literal,UNREVIEWED,"_design.scale = Vector2(view_size.x / DESIGN_SPACE.x, view_size.y / DESIGN_SPACE.y)"
ui/point_shop_controller.gd,72,_build_close,visual_literal,UNREVIEWED,"close.position = Vector2(3717.4, 45.6)"
ui/point_shop_controller.gd,73,_build_close,visual_literal,UNREVIEWED,"close.size = Vector2(80, 82)"
ui/point_shop_controller.gd,79,_build_close,visual_literal,UNREVIEWED,"close.add_child(_texture_rect(""x"", Rect2(18.5, 22.5, 43, 37), ""close_2.png""))"
ui/point_shop_controller.gd,85,_build_desc_group,visual_literal,UNREVIEWED,"group.position = Vector2(246, 230)"
ui/point_shop_controller.gd,86,_build_desc_group,visual_literal,UNREVIEWED,"group.size = Vector2(996.78, 1700)"
ui/point_shop_controller.gd,88,_build_desc_group,visual_literal,UNREVIEWED,"group.add_child(_texture_rect(""Title Icon"", Rect2(0, 0, 128, 118), ""icon_0.png""))"
ui/point_shop_controller.gd,89,_build_desc_group,visual_literal,UNREVIEWED,"group.add_child(_label(""Title"", _ui_text(""POINT_SHOP_TITLE"", ""命运商店""), Rect2(148, 0, 520, 120), 70))"
ui/point_shop_controller.gd,90,_build_desc_group,visual_literal,UNREVIEWED,"group.add_child(_texture_rect(""Point Icon"", Rect2(730, 10, 100, 100), ""point_0.png""))"
ui/point_shop_controller.gd,91,_build_desc_group,visual_literal,UNREVIEWED,"_point_count = _label(""Point Count"", ""0"", Rect2(850, 0, 146, 120), 50)"
ui/point_shop_controller.gd,93,_build_desc_group,visual_literal,UNREVIEWED,"group.add_child(_texture_rect(""Seperator"", Rect2(0, 220, 996.78, 6), ""slash.png""))"
ui/point_shop_controller.gd,97,_build_desc_group,visual_literal,UNREVIEWED,"description.position = Vector2(0, 246)"
ui/point_shop_controller.gd,98,_build_desc_group,visual_literal,UNREVIEWED,"description.size = Vector2(980, 1100)"
ui/point_shop_controller.gd,107,_build_desc_group,visual_literal,UNREVIEWED,"_only_bought.position = Vector2(0, 1600)"
ui/point_shop_controller.gd,108,_build_desc_group,visual_literal,UNREVIEWED,"_only_bought.size = Vector2(330, 100)"
ui/point_shop_controller.gd,118,_build_desc_group,visual_literal,UNREVIEWED,"_only_unbought.position = Vector2(350, 1600)"
ui/point_shop_controller.gd,119,_build_desc_group,visual_literal,UNREVIEWED,"_only_unbought.size = Vector2(360, 100)"
ui/point_shop_controller.gd,132,_build_item_scroll,visual_literal,UNREVIEWED,"scroll.position = Vector2(1332.12, 127.6)"
ui/point_shop_controller.gd,133,_build_item_scroll,visual_literal,UNREVIEWED,"scroll.size = Vector2(2400, 1901.4)"
ui/point_shop_controller.gd,137,_build_item_scroll,visual_literal,UNREVIEWED,"_items.custom_minimum_size = Vector2(2301, 0)"
ui/point_shop_controller.gd,230,_filter_toggle,visual_literal,UNREVIEWED,"button.add_child(_texture_rect(""Background"", Rect2(0, 9, 80, 82), ""checkbox_bg.png""))"
ui/point_shop_controller.gd,231,_filter_toggle,visual_literal,UNREVIEWED,"var mark := _texture_rect(""Checkmark"", Rect2(19.5, 33, 41, 34), ""checkbox_selected.png"")"
ui/point_shop_controller.gd,234,_filter_toggle,visual_literal,UNREVIEWED,"button.add_child(_label(""Text"", copy, Rect2(90, 0, 240, 100), 36))"
ui/point_shop_controller.gd,268,_tmp_to_bbcode,visual_literal,UNREVIEWED,"out = out.replace(""<size=160>"", ""[font_size=160]"").replace(""</size>"", ""[/font_size]"")"
ui/point_shop_item_controller.gd,16,<file>,constant;visual_literal,UNREVIEWED,"const SOURCE_SIZE := Vector2(2301, 400)"
ui/point_shop_item_controller.gd,54,_build,visual_literal,UNREVIEWED,"_highlight = _texture_rect(""highlight"", Rect2(679, 25, 1622, 360), ""hightlight.png"")"
ui/point_shop_item_controller.gd,59,_build,visual_literal,UNREVIEWED,"_activated = _texture_rect(""activated"", Rect2(0, 25, 2301, 360), ""activate_bg.png"")"
ui/point_shop_item_controller.gd,61,_build,visual_literal,UNREVIEWED,"add_child(_texture_rect(""footer"", Rect2(2, 370, 2297, 30), ""slash.png""))"
ui/point_shop_item_controller.gd,62,_build,visual_literal,UNREVIEWED,"add_child(_texture_rect(""IconBG"", Rect2(108, 53.5, 444, 431), ""promp_item_bg.png""))"
ui/point_shop_item_controller.gd,64,_build,visual_literal,UNREVIEWED,"add_child(_texture_rect(""Type"", Rect2(34, 76, 232, 236), ""item_%s.png"" % type_name))"
ui/point_shop_item_controller.gd,67,_build,visual_literal,UNREVIEWED,"var title := _label(""Title"", str(item.get(""name"", """")), Rect2(628, 74, 1186.41, 80), 50)"
ui/point_shop_item_controller.gd,69,_build,visual_literal,UNREVIEWED,"var desc := _label(""Desc"", str(item.get(""text"", """")), Rect2(628, 164.26, 1226.77, 204.74), 34)"
ui/point_shop_item_controller.gd,74,_build,visual_literal,UNREVIEWED,"var point := _texture_rect(""Icon"", Rect2(28, 29, 100, 100), ""point_0.png"")"
ui/point_shop_item_controller.gd,76,_build,visual_literal,UNREVIEWED,"var cost := _label(""Cost"", str(int(item.get(""cost"", 0))), Rect2(139.84, 0, 185.16, 158), 60)"
ui/point_shop_item_controller.gd,101,_build_link_card,visual_literal,UNREVIEWED,"host.position = Vector2(348, 190)"
ui/point_shop_item_controller.gd,102,_build_link_card,visual_literal,UNREVIEWED,"host.size = Vector2(100, 100)"
ui/point_shop_item_controller.gd,103,_build_link_card,visual_literal,UNREVIEWED,"host.pivot_offset = Vector2(50, 50)"
ui/point_shop_item_controller.gd,107,_build_link_card,visual_literal,UNREVIEWED,"card.position = Vector2(-47, -161)"
ui/point_shop_item_controller.gd,115,_action_button,visual_literal,UNREVIEWED,"button.position = Vector2(1888, 136.5)"
ui/point_shop_item_controller.gd,116,_action_button,visual_literal,UNREVIEWED,"button.size = Vector2(325, 158)"
ui/point_shop_item_controller.gd,122,_action_button,visual_literal,UNREVIEWED,"var text := _label(""Text"", copy, Rect2(30, 0, 265, 158), 60)"
ui/rite_sprite_surface.gd,15,setup,visual_literal,UNREVIEWED,"var uv := Vector2(float(pair[0]), 1.0 - float(pair[1]))"
ui/rite_sprite_surface.gd,17,setup,visual_literal,UNREVIEWED,"vertices.append(Vector3(uv.x * data.size[0], uv.y * data.size[1], 0))"
ui/rite_sprite_surface.gd,33,_draw,visual_literal,UNREVIEWED,"draw_texture_rect(texture, Rect2(Vector2.ZERO, size), false)"
ui/rite_view.gd,4,<file>,motion,UNREVIEWED,"## Cards move between hand, slots, and back again like the original"
ui/rite_view.gd,24,_can_drop_data,visual_literal,UNREVIEWED,"func _can_drop_data(_at_position: Vector2, data: Variant) -> bool:"
ui/rite_view.gd,29,_drop_data,visual_literal,UNREVIEWED,"func _drop_data(_at_position: Vector2, data: Variant) -> void:"
ui/rite_view.gd,40,_drop_data,constant;visual_literal,UNREVIEWED,"const SOURCE_CANVAS_SIZE := Vector2(3840, 2160)"
ui/rite_view.gd,41,_drop_data,constant,UNREVIEWED,"const SOURCE_FONT = preload(""res://assets/fonts/HYJieLongTaoHuaYuanW-2.ttf"")"
ui/rite_view.gd,42,_drop_data,constant;visual_literal,UNREVIEWED,"const SOURCE_POSITION_CENTER := Vector2(1920, 870) # Position: (0, +210) in Unity y-up."
ui/rite_view.gd,43,_drop_data,constant;visual_literal,UNREVIEWED,"const SOURCE_SLOTS_CONTAINER_SIZE := Vector2(3692, 2132)"
ui/rite_view.gd,44,_drop_data,constant;visual_literal,UNREVIEWED,"const SOURCE_SLOT_SIZE := Vector2(272, 496) # CardSlot.prefab root."
ui/rite_view.gd,45,_drop_data,constant;visual_literal,UNREVIEWED,"const SOURCE_TITLE_SIZE := Vector2(1148, 1124) # RitePanelTitle."
ui/rite_view.gd,46,_drop_data,constant;visual_literal,UNREVIEWED,"const SOURCE_TEMPLATE_BG_RECT := Rect2(Vector2(-128, -204), Vector2(4096, 2148))"
ui/rite_view.gd,47,_drop_data,constant;visual_literal,UNREVIEWED,"const SOURCE_DEFAULT_TITLE_POS := Vector2(1564, -54)"
ui/rite_view.gd,157,_build_ui,visual_literal,UNREVIEWED,"_shade.color = Color(0, 0, 0, 0.55)"
ui/rite_view.gd,245,_build_slot_placeholders,visual_literal,UNREVIEWED,"var backdrop := _picture(btn, ""SlotBackground"", ""rite_slot/"" + slot_art, Rect2(6, -12, 260, 520))"
ui/rite_view.gd,248,_build_slot_placeholders,visual_literal,UNREVIEWED,backdrop.position = SOURCE_SLOT_SIZE * 0.5 - backdrop.size * 0.5
ui/rite_view.gd,256,_build_slot_placeholders,visual_literal,UNREVIEWED,"_set_rect(icon, Rect2(SOURCE_SLOT_SIZE * 0.5 + Vector2(0, 25) - icon_size * 0.5, icon_size))"
ui/rite_view.gd,284,_build_slot_placeholders,visual_literal,UNREVIEWED,"detail.custom_minimum_size = Vector2(0, 20)"
ui/rite_view.gd,292,_build_panel_content,visual_literal,UNREVIEWED,"_picture(_rite_panel, ""TitleBG"", ""rite_title_bg_0"", Rect2(559, -48, 304, 78))"
ui/rite_view.gd,293,_build_panel_content,visual_literal,UNREVIEWED,"var title := _source_label(_rite_panel, ""RiteTitle"", Rect2(559, -48, 304, 78), 60)"
ui/rite_view.gd,297,_build_panel_content,visual_literal,UNREVIEWED,"title.add_theme_color_override(""font_color"", Color(""#111711""))"
ui/rite_view.gd,298,_build_panel_content,visual_literal,UNREVIEWED,"_picture(_rite_panel, ""RoundIcon"", ""rite_round"", Rect2(754, -100, 38, 42))"
ui/rite_view.gd,299,_build_panel_content,visual_literal,UNREVIEWED,"var round_label := _source_label(_rite_panel, ""Round"", Rect2(798, -106, 65, 50), 50)"
ui/rite_view.gd,307,_build_panel_content,visual_literal,UNREVIEWED,"_set_rect(scroll, Rect2(167, 70, 710, 870))"
ui/rite_view.gd,323,_build_panel_content,visual_literal,UNREVIEWED,"desc.add_theme_color_override(""default_color"", Color(0.86666673, 0.8352942, 0.7686275))"
ui/rite_view.gd,350,_build_panel_content,visual_literal,UNREVIEWED,"icon.size = Vector2(100, 100)"
ui/rite_view.gd,359,_build_panel_content,visual_literal,UNREVIEWED,"tip_text.add_theme_color_override(""default_color"", Color(""#FCE29A""))"
ui/rite_view.gd,370,_build_panel_content,visual_literal,UNREVIEWED,"_set_rect(icon, Rect2(973, 410 + i * 136, 75, 75))"
ui/rite_view.gd,371,_build_panel_content,visual_literal,UNREVIEWED,"var value := _source_label(_rite_panel, ""TagValue%d"" % i, Rect2(1060, 410 + i * 136, 64, 75), 30)"
ui/rite_view.gd,374,_build_panel_content,visual_literal,UNREVIEWED,"_last_state_btn = _source_button(""RestoreLastRiteStateButton"", ""rite_op_last_state"", Rect2(104.9, 948, 168, 158), ""恢复上次投放"", _restore_last_state)"
ui/rite_view.gd,375,_build_panel_content,visual_literal,UNREVIEWED,"_close_btn = _source_button(""CloseRiteButton"", ""rite_op_cancel"", Rect2(291, 948, 168, 158), ""关闭"", _close_panel)"
ui/rite_view.gd,376,_build_panel_content,visual_literal,UNREVIEWED,"_resolve_btn = _source_button(""ResolveRiteButton"", ""rite_op_confirm"", Rect2(473, 948, 325, 158), ""开始仪式"", _resolve)"
ui/rite_view.gd,377,_build_panel_content,visual_literal,UNREVIEWED,"_stop_btn = _source_button(""StopRiteButton"", ""rite_op_stop"", Rect2(776, 944, 188, 160), ""停止仪式"", _stop_started_rite)"
ui/rite_view.gd,378,_build_panel_content,visual_literal,UNREVIEWED,"_source_button(""RiteHelpButton"", ""help_button"", Rect2(998, -117.5, 88, 91), ""帮助"", _show_rite_help)"
ui/rite_view.gd,379,_build_panel_content,visual_literal,UNREVIEWED,"var auto_btn := _source_button(""AutoResult"", ""auto_result_deactive"", Rect2(934, 947, 240, 88), ""自动结算"", _toggle_auto_result)"
ui/rite_view.gd,387,_build_panel_content,visual_literal,UNREVIEWED,"_set_rect(_result_label, Rect2(167, 70, 710, 720))"
ui/rite_view.gd,409,_build_result_surface,visual_literal,UNREVIEWED,"_set_rect(_result_surface, Rect2(200, 170, 3440, 1820))"
ui/rite_view.gd,410,_build_result_surface,visual_literal,UNREVIEWED,"var bg := _picture(_result_surface, ""SettlementBackground"", ""settlement_bg"", Rect2(0, 0, 3440, 1820))"
ui/rite_view.gd,416,_build_result_surface,visual_literal,UNREVIEWED,"var tray_size := Vector2(1744, 1608) * (1800.0 / 1782.0)"
ui/rite_view.gd,417,_build_result_surface,visual_literal,UNREVIEWED,"_picture(_result_surface, ""DicesBG"", ""settlement_bg_dice"", Rect2(Vector2(912, 811) - tray_size * 0.5, tray_size))"
ui/rite_view.gd,418,_build_result_surface,visual_literal,UNREVIEWED,"var title_bg := _picture(_result_surface, ""TitleBG"", ""rite_title_bg_0"", Rect2(1786, 55, 296.42, 78))"
ui/rite_view.gd,419,_build_result_surface,visual_literal,UNREVIEWED,"var title := _source_label(_result_surface, ""Title"", Rect2(1786, 55, 296.42, 78), 60)"
ui/rite_view.gd,422,_build_result_surface,visual_literal,UNREVIEWED,"title.add_theme_color_override(""font_color"", Color(""#111711""))"
ui/rite_view.gd,426,_build_result_surface,visual_literal,UNREVIEWED,"_set_rect(result_scroll, Rect2(1786.36665, 191.79745, 1132.6333, 1185.2699))"
ui/rite_view.gd,431,_build_result_surface,visual_literal,UNREVIEWED,"_result_surface_text.custom_minimum_size = Vector2(1100, 1146)"
ui/rite_view.gd,435,_build_result_surface,visual_literal,UNREVIEWED,"_result_surface_text.add_theme_color_override(""default_color"", Color(""#403525""))"
ui/rite_view.gd,437,_build_result_surface,visual_literal,UNREVIEWED,"var op_bg := _picture(_result_surface, ""Op BG"", ""settlement_op_bg"", Rect2(1804, 1403, 1224, 188))"
ui/rite_view.gd,439,_build_result_surface,visual_literal,UNREVIEWED,"_result_next_button = _source_button_on(_result_surface, ""Next"", ""rite_op_confirm_1"", Rect2(1989, 1419, 604, 140), ""继续"", _on_result_next)"
ui/rite_view.gd,445,_build_result_surface,visual_literal,UNREVIEWED,"_result_auto_button = _source_button_on(_result_surface, ""AutoPlay"", ""auto_play_deactive"", Rect2(2668, 1445, 240, 88), ""自动播放"", _toggle_result_auto_play)"
ui/rite_view.gd,453,_build_result_surface,visual_literal,UNREVIEWED,"_play_rate_button = _source_button_on(_result_surface, ""PlayRate"", ""play_speed_x1"", Rect2(3067, 1441, 104, 104), ""切换播放速度"", _toggle_play_rate)"
ui/rite_view.gd,468,_build_result_lists,visual_literal,UNREVIEWED,"_set_rect(_result_ops_layer, Rect2(1105, 169, 100, 100))"
ui/rite_view.gd,474,_build_result_lists,visual_literal,UNREVIEWED,"_set_rect(_result_hand_ops_layer, Rect2(1316, 175, 100, 100))"
ui/rite_view.gd,480,_build_result_lists,visual_literal,UNREVIEWED,"_set_rect(_result_cards_layer, Rect2(232, 510, 1440, 800))"
ui/rite_view.gd,492,_clear_result_lists,declared_gap,UNREVIEWED,# The CardOpContext -> OpCardNewController playback chain is not yet ported.
ui/rite_view.gd,553,_build_dice_surfaces,visual_literal,UNREVIEWED,"_result_text_rates = Vector2(float(variables.get(""result_text_play_rate"", 1)), float(variables.get(""result_text_auto_play_rate"", 15)))"
ui/rite_view.gd,559,_build_dice_surfaces,visual_literal,UNREVIEWED,"_set_rect(_dice_prompt_surface, Rect2(452.5, 297, 1032, 1032))"
ui/rite_view.gd,561,_build_dice_surfaces,visual_literal,UNREVIEWED,"_picture(_dice_prompt_surface, ""BG"", ""dice_prompt_bg"", Rect2(0, 0, 1032, 1032))"
ui/rite_view.gd,562,_build_dice_surfaces,visual_literal,UNREVIEWED,"_picture(_dice_prompt_surface, ""Normal"", ""dice_prompt_normal"", Rect2(356, 84, 320, 864))"
ui/rite_view.gd,563,_build_dice_surfaces,visual_literal,UNREVIEWED,"var fight_art := _picture(_dice_prompt_surface, ""Fight"", ""dice_prompt_fight"", Rect2(84, 84, 864, 864))"
ui/rite_view.gd,565,_build_dice_surfaces,visual_literal,UNREVIEWED,"var ring := _picture(_dice_prompt_surface, ""Ring"", ""dice_prompt_ring"", Rect2(460, 460, 112, 112))"
ui/rite_view.gd,567,_build_dice_surfaces,visual_literal,UNREVIEWED,"_dice_count_label = _source_label(_dice_prompt_surface, ""Count"", Rect2(416, 250, 200, 100), 46)"
ui/rite_view.gd,569,_build_dice_surfaces,visual_literal,UNREVIEWED,"_dice_roll_label = _source_label(_dice_prompt_surface, ""CurrentDices"", Rect2(300, 355, 440, 100), 30)"
ui/rite_view.gd,571,_build_dice_surfaces,visual_literal,UNREVIEWED,"_dice_success_label = _source_label(_dice_prompt_surface, ""Success"", Rect2(300, 455, 440, 100), 30)"
ui/rite_view.gd,579,_build_dice_surfaces,visual_literal,UNREVIEWED,"_set_rect(_dice_count_prompt_surface, Rect2(530.5, 427, 876, 876))"
ui/rite_view.gd,581,_build_dice_surfaces,visual_literal,UNREVIEWED,"_picture(_dice_count_prompt_surface, ""BG"", ""bg_5"", Rect2(0, 0, 876, 876))"
ui/rite_view.gd,584,_build_dice_surfaces,visual_literal,UNREVIEWED,"_gold_dice_btn = _source_button_on(_dice_count_prompt_surface, ""GoldDice"", ""gold_bg"", Rect2(-162, 7, 372, 832), ""金骰子"", func(): _show_dice_count_prompt(""gold""))"
ui/rite_view.gd,585,_build_dice_surfaces,visual_literal,UNREVIEWED,"_picture(_gold_dice_btn, ""Icon"", ""gold_active"", Rect2(50, 281, 140, 124))"
ui/rite_view.gd,586,_build_dice_surfaces,visual_literal,UNREVIEWED,"var gold_title := _source_label(_gold_dice_btn, ""Title"", Rect2(-70, 34, 372, 832), 60)"
ui/rite_view.gd,590,_build_dice_surfaces,visual_literal,UNREVIEWED,"_picture(_gold_dice_btn, ""CountBG"", ""checkbox_bg"", Rect2(84, 487, 60, 60))"
ui/rite_view.gd,591,_build_dice_surfaces,visual_literal,UNREVIEWED,"_gold_dice_label = _source_label(_gold_dice_btn, ""Count"", Rect2(14, 490, 200, 50), 36)"
ui/rite_view.gd,593,_build_dice_surfaces,visual_literal,UNREVIEWED,"_reroll_btn = _source_button_on(_dice_count_prompt_surface, ""Redraw"", ""redraw_bg"", Rect2(681, -5, 360, 848), ""重投"", func(): _show_dice_count_prompt(""reroll""))"
ui/rite_view.gd,594,_build_dice_surfaces,visual_literal,UNREVIEWED,"_picture(_reroll_btn, ""Icon"", ""redraw_active"", Rect2(178, 293, 128, 132))"
ui/rite_view.gd,595,_build_dice_surfaces,visual_literal,UNREVIEWED,"var redraw_title := _source_label(_reroll_btn, ""Title"", Rect2(61, 45, 360, 848), 60)"
ui/rite_view.gd,599,_build_dice_surfaces,visual_literal,UNREVIEWED,"_picture(_reroll_btn, ""CountBG"", ""checkbox_bg"", Rect2(213, 510, 60, 60))"
ui/rite_view.gd,600,_build_dice_surfaces,visual_literal,UNREVIEWED,"var redraw_count := _source_label(_reroll_btn, ""Count"", Rect2(143, 513, 200, 50), 36)"
ui/rite_view.gd,602,_build_dice_surfaces,visual_literal,UNREVIEWED,"_dice_count_title = _source_label(_dice_count_prompt_surface, ""Tips"", Rect2(138, 553, 600, 72.1095), 40)"
ui/rite_view.gd,604,_build_dice_surfaces,visual_literal,UNREVIEWED,"_dice_count_value = _source_label(_dice_count_prompt_surface, ""Count"", Rect2(338, 307, 200, 144), 120)"
ui/rite_view.gd,607,_build_dice_surfaces,visual_literal,UNREVIEWED,"[""Gold Cancel"", ""cancel"", Rect2(-269.5, 574, 124, 124)],"
ui/rite_view.gd,608,_build_dice_surfaces,visual_literal,UNREVIEWED,"[""Gold Confirm"", ""confirm"", Rect2(-94, 576, 240, 120)],"
ui/rite_view.gd,609,_build_dice_surfaces,visual_literal,UNREVIEWED,"[""Redraw Cancel"", ""cancel"", Rect2(747, 574, 124, 124)],"
ui/rite_view.gd,610,_build_dice_surfaces,visual_literal,UNREVIEWED,"[""Redraw Confirm"", ""confirm"", Rect2(920, 576, 240, 120)],"
ui/rite_view.gd,728,_source_button_on,visual_literal,UNREVIEWED,"var art := _picture(button, ""Art"", asset, Rect2(Vector2.ZERO, rect.size))"
ui/rite_view.gd,729,_source_button_on,visual_literal,UNREVIEWED,"button.mouse_entered.connect(func(): art.modulate = Color(1.2, 1.2, 1.2))"
ui/rite_view.gd,739,_source_label,visual_literal,UNREVIEWED,"label.add_theme_color_override(""font_color"", Color(""#c9bd7b""))"
ui/rite_view.gd,754,_rich_text,visual_literal,UNREVIEWED,"text.add_theme_color_override(""default_color"", Color(""#c1c2ac""))"
ui/rite_view.gd,777,_source_button,visual_literal,UNREVIEWED,"var art := _picture(button, ""Art"", asset, Rect2(Vector2.ZERO, rect.size))"
ui/rite_view.gd,778,_source_button,visual_literal,UNREVIEWED,"button.mouse_entered.connect(func(): art.modulate = Color(1.2, 1.2, 1.2))"
ui/rite_view.gd,809,_show_rite_help,visual_literal,UNREVIEWED,"help.size = Vector2(4096, 2160)"
ui/rite_view.gd,810,_show_rite_help,visual_literal,UNREVIEWED,"help.position = _rite_panel.position + _rite_panel.size * 0.5 - help.size * 0.5 - Vector2(0, 210)"
ui/rite_view.gd,815,_show_rite_help,visual_literal,UNREVIEWED,"mask.color = Color(0, 0, 0, 128.0 / 255.0)"
ui/rite_view.gd,816,_show_rite_help,visual_literal,UNREVIEWED,"mask.size = Vector2(10000, 10000)"
ui/rite_view.gd,817,_show_rite_help,visual_literal,UNREVIEWED,mask.position = (help.size - mask.size) * 0.5
ui/rite_view.gd,825,_show_rite_help,visual_literal,UNREVIEWED,"_picture(help, ""Prompt"", ""rite_help"", Rect2(-949, 233, 4096, 2160))"
ui/rite_view.gd,827,_show_rite_help,visual_literal,UNREVIEWED,"var rows := [[""MAIN"", Vector2(-1472, -713), Vector2(1000, 200)], [""DESC"", Vector2(-41, -713), Vector2(600, 200)], [""TIME"", Vector2(267, 514), Vector2(600, 200)], [""TAG"", Vector2(623, -464), Vector2(600, 200)]]"
ui/rite_view.gd,835,_show_rite_help,visual_literal,UNREVIEWED,"var pos: Vector2 = help.size * 0.5 + row[1] * Vector2(1, -1) - row[2] * Vector2(0.5, 1)"
ui/rite_view.gd,836,_show_rite_help,visual_literal,UNREVIEWED,"_set_rect(label, Rect2(pos, row[2]))"
ui/rite_view.gd,862,_apply_layout,visual_literal,UNREVIEWED,"_set_rect(_shade, Rect2(Vector2.ZERO, view_size))"
ui/rite_view.gd,863,_apply_layout,visual_literal,UNREVIEWED,_source_canvas.position = Vector2.ZERO
ui/rite_view.gd,865,_apply_layout,visual_literal,UNREVIEWED,"_source_canvas.scale = Vector2(view_size.x / SOURCE_CANVAS_SIZE.x, view_size.y / SOURCE_CANVAS_SIZE.y)"
ui/rite_view.gd,866,_apply_layout,visual_literal,UNREVIEWED,"_set_rect(_slot_layer, Rect2(Vector2.ZERO, SOURCE_CANVAS_SIZE))"
ui/rite_view.gd,870,_apply_layout,visual_literal,UNREVIEWED,"var position_center := SOURCE_CANVAS_SIZE * 0.5 + Vector2(bg_offset.x, -bg_offset.y)"
ui/rite_view.gd,877,_apply_layout,visual_literal,UNREVIEWED,"_set_rect(_template_foreground, Rect2(position_center - foreground_size * 0.5, foreground_size))"
ui/rite_view.gd,881,_apply_layout,visual_literal,UNREVIEWED,"title_pivot - Vector2(SOURCE_TITLE_SIZE.x, SOURCE_TITLE_SIZE.y * 0.5),"
ui/rite_view.gd,884,_apply_layout,visual_literal,UNREVIEWED,"_set_rect(_log_label, Rect2(Vector2(1510, 1700), Vector2(820, 60)))"
ui/rite_view.gd,893,_slot_rect_from_center,visual_literal,UNREVIEWED,"return Rect2(center - slot_size * 0.5, slot_size)"
ui/rite_view.gd,1622,_render_slot_card,visual_literal,UNREVIEWED,"container.position = Vector2(87.6, 217.6)"
ui/rite_view.gd,1623,_render_slot_card,visual_literal,UNREVIEWED,"container.size = Vector2(100, 100)"
ui/rite_view.gd,1626,_render_slot_card,visual_literal,UNREVIEWED,widget.position = (container.size - widget.card_size()) * 0.5
ui/rite_view.gd,1825,_round_button_style,visual_literal,UNREVIEWED,"style.bg_color = Color(""#15100c"")"
ui/rite_view.gd,1833,_slot_style,visual_literal,UNREVIEWED,"func _slot_style(border: Color = Color(""#585345""), filled: bool = false) -> StyleBox:"
ui/rite_view.gd,1853,_slot_style,visual_literal,UNREVIEWED,"flat.bg_color = Color(""#302d18"") if filled else Color(""#11120c"")"
ui/rite_view.gd,1894,_slot_rects_for_keys,visual_literal,UNREVIEWED,"var position_center := SOURCE_CANVAS_SIZE * 0.5 + Vector2(bg_offset.x, -bg_offset.y)"
ui/rite_view.gd,1902,_slot_rects_for_keys,visual_literal,UNREVIEWED,"var scale_xy := _template_pos(slot_def.get(""scale"", {}), Vector2.ONE)"
ui/settings_panel.gd,7,<file>,constant;visual_literal,UNREVIEWED,"const DESIGN_SPACE := Vector2(3840, 2160)"
ui/settings_panel.gd,10,<file>,constant;visual_literal,UNREVIEWED,"const INK := Color(""c6bd83"")"
ui/settings_panel.gd,54,apply_source_layout,visual_literal,UNREVIEWED,position = Vector2.ZERO
ui/settings_panel.gd,56,apply_source_layout,visual_literal,UNREVIEWED,"scale = Vector2(view_size.x / DESIGN_SPACE.x, view_size.y / DESIGN_SPACE.y)"
ui/settings_panel.gd,60,_build_source_tree,visual_literal,UNREVIEWED,"var root := _group(self, ""SettingsPanelNew"", Rect2(Vector2.ZERO, DESIGN_SPACE))"
ui/settings_panel.gd,72,_build_source_tree,visual_literal,UNREVIEWED,"bg.scale = Vector2(2, 2)"
ui/settings_panel.gd,75,_build_source_tree,visual_literal,UNREVIEWED,"var nav := _group(root, ""Group1"", Rect2(240, 380, 950, 1400))"
ui/settings_panel.gd,76,_build_source_tree,visual_literal,UNREVIEWED,"_image(nav, ""TitleIcon"", ""setting_icon"", Rect2(0, 0, 132, 124))"
ui/settings_panel.gd,77,_build_source_tree,visual_literal,UNREVIEWED,"_label(nav, ""Title"", ""SETTING_PANEL"", Rect2(165, -13, 500, 150), ""@TITLE_H1"")"
ui/settings_panel.gd,79,_build_source_tree,visual_literal,UNREVIEWED,"var tabs := _group(nav, ""ToggleGroup"", Rect2(0, 447, 950, 490))"
ui/settings_panel.gd,83,_build_source_tree,visual_literal,UNREVIEWED,"button.position = Vector2(0, i * 170)"
ui/settings_panel.gd,84,_build_source_tree,visual_literal,UNREVIEWED,"button.size = Vector2(950, 150)"
ui/settings_panel.gd,89,_build_source_tree,visual_literal,UNREVIEWED,"_image(button, ""HighLight"", ""hightlight"", Rect2(150, 0, 800, 150))"
ui/settings_panel.gd,90,_build_source_tree,visual_literal,UNREVIEWED,"_image(button, ""Line"", ""slash"", Rect2(0, 135, 950, 30))"
ui/settings_panel.gd,91,_build_source_tree,visual_literal,UNREVIEWED,"_label(button, ""Text"", [""SCREEN_SOUND_SETTING"", ""KEYMAP_KEYBOARD"", ""OTHER_SETTING""][i], Rect2(50, 0, 850, 150), ""@TITLE_H3"")"
ui/settings_panel.gd,93,_build_source_tree,visual_literal,UNREVIEWED,"var content := _group(root, ""Group2"", Rect2(1340, 180, 2345, 1800))"
ui/settings_panel.gd,94,_build_source_tree,visual_literal,UNREVIEWED,"_pages.append(_group(content, ""ScreenSound"", Rect2(130, 150, 2115, 1480)))"
ui/settings_panel.gd,95,_build_source_tree,visual_literal,UNREVIEWED,"_pages.append(_group(content, ""KeyMapKeyboard"", Rect2(40, 0, 2280, 1800)))"
ui/settings_panel.gd,96,_build_source_tree,visual_literal,UNREVIEWED,"_pages.append(_group(content, ""TriggerGroup"", Rect2(0, 0, 2345, 1800)))"
ui/settings_panel.gd,102,_build_source_tree,visual_literal,UNREVIEWED,"close.position = Vector2(3722.3, 46.3)"
ui/settings_panel.gd,103,_build_source_tree,visual_literal,UNREVIEWED,"close.size = Vector2(75, 78)"
ui/settings_panel.gd,108,_build_source_tree,visual_literal,UNREVIEWED,"_image(close, ""Background"", ""checkbox_bg"", Rect2(0, 0, 75, 78))"
ui/settings_panel.gd,109,_build_source_tree,visual_literal,UNREVIEWED,"_image(close, ""Image"", ""close_2"", Rect2(16, 20.5, 43, 37))"
ui/settings_panel.gd,121,_build_display,visual_literal,UNREVIEWED,"_label(page, ""SenceTitle"", ""SCREEN_SETTING_TITLE"", Rect2(0, 0, 2115, 116.2), ""@TITLE_H2"")"
ui/settings_panel.gd,122,_build_display,visual_literal,UNREVIEWED,"var scene := _group(page, ""Sence"", Rect2(0, 150.4, 2115, 585))"
ui/settings_panel.gd,144,_build_display,visual_literal,UNREVIEWED,"var font_size := _dropdown(scene, ""FontSize"", ""FONT_SIZE_SETTING"", 3)"
ui/settings_panel.gd,154,_build_display,visual_literal,UNREVIEWED,"_image(page, ""Line"", ""rite_log_sperator"", Rect2(0, 926.6, 2115, 6))"
ui/settings_panel.gd,155,_build_display,visual_literal,UNREVIEWED,"_label(page, ""SoundTitle"", ""SOUND_SETTING_TITLE"", Rect2(0, 1003.79, 2115, 116.2), ""@TITLE_H2"")"
ui/settings_panel.gd,156,_build_display,visual_literal,UNREVIEWED,"var sound := _group(page, ""Sound"", Rect2(0, 1154.19, 2115, 358.7))"
ui/settings_panel.gd,162,_dropdown,visual_literal,UNREVIEWED,"var row := _group(parent, node_name, Rect2(0, index * 155, 1045, 60))"
ui/settings_panel.gd,163,_dropdown,visual_literal,UNREVIEWED,"row.scale = Vector2(2, 2)"
ui/settings_panel.gd,164,_dropdown,visual_literal,UNREVIEWED,"_label(row, ""Title"", title, Rect2(80, 5, 175, 50), ""@SETTING_OPTION_TITLE"")"
ui/settings_panel.gd,167,_dropdown,visual_literal,UNREVIEWED,"dropdown.position = Vector2(255, 2)"
ui/settings_panel.gd,168,_dropdown,visual_literal,UNREVIEWED,"dropdown.size = Vector2(790, 56)"
ui/settings_panel.gd,212,_volume_row,visual_literal,UNREVIEWED,"var row := _group(parent, node_name, Rect2(0, y, 1049.59, 60))"
ui/settings_panel.gd,213,_volume_row,visual_literal,UNREVIEWED,"row.scale = Vector2(2, 2)"
ui/settings_panel.gd,214,_volume_row,visual_literal,UNREVIEWED,"_label(row, ""Title"", title, Rect2(80, 0.65, 203.14, 58.7), ""@SETTING_OPTION_TITLE"")"
ui/settings_panel.gd,217,_volume_row,visual_literal,UNREVIEWED,"slider.position = Vector2(283.135, 15)"
ui/settings_panel.gd,218,_volume_row,visual_literal,UNREVIEWED,"slider.size = Vector2(766.45, 30)"
ui/settings_panel.gd,235,_volume_row,visual_literal,UNREVIEWED,"var number := _label(slider, ""Value"", """", Rect2(0, -39.735, 42.08, 39.67), ""@SETTING_OPTION_ITEM"")"
ui/settings_panel.gd,238,_volume_row,visual_literal,UNREVIEWED,"_label(slider, ""Min"", """", Rect2(30.4, 20.165, 30, 39.67), ""@SETTING_OPTION_ITEM"").text = ""0"""
ui/settings_panel.gd,239,_volume_row,visual_literal,UNREVIEWED,"_label(slider, ""Max"", """", Rect2(716.1, 20.165, 45, 39.67), ""@SETTING_OPTION_ITEM"").text = ""100"""
ui/settings_panel.gd,269,_build_keymap,visual_literal,UNREVIEWED,"content.custom_minimum_size = Vector2(2260, KEY_BINDINGS.size() * 128 - 8)"
ui/settings_panel.gd,273,_build_keymap,visual_literal,UNREVIEWED,"var row := _group(content, str(binding[0]), Rect2(0, i * 128, 2260, 120))"
ui/settings_panel.gd,276,_build_keymap,visual_literal,UNREVIEWED,"cell.position = Vector2(x, 0)"
ui/settings_panel.gd,278,_build_keymap,visual_literal,UNREVIEWED,"cell.size = Vector2(1131, 120) * 4"
ui/settings_panel.gd,279,_build_keymap,visual_literal,UNREVIEWED,"cell.scale = Vector2(0.25, 0.25)"
ui/settings_panel.gd,285,_build_keymap,visual_literal,UNREVIEWED,"cell.modulate = Color(0.5943396, 0.57878023, 0.49061054)"
ui/settings_panel.gd,288,_build_keymap,visual_literal,UNREVIEWED,"var title := _label(row, ""DisplayNameText"", ""KEYMAP_%s_Keyboard&Mouse"" % binding[0], Rect2(10, 0, 1111, 120), ""@MAIN_BODY"")"
ui/settings_panel.gd,290,_build_keymap,visual_literal,UNREVIEWED,"var keys := _label(row, ""KeyText"", """", Rect2(1139, 0, 1111, 120), ""@MAIN_BODY"")"
ui/settings_panel.gd,302,_boolean_row,visual_literal,UNREVIEWED,"var row := _group(page, node_name, Rect2(0, y, 2345, 200))"
ui/settings_panel.gd,303,_boolean_row,visual_literal,UNREVIEWED,"_label(row, ""Title"", title, Rect2(0, 0, 600, 200), ""@TITLE_H2"")"
ui/settings_panel.gd,306,_boolean_row,visual_literal,UNREVIEWED,"toggle.position = Vector2(614.5, 56)"
ui/settings_panel.gd,307,_boolean_row,visual_literal,UNREVIEWED,"toggle.size = Vector2(208, 88)"
ui/settings_panel.gd,313,_boolean_row,visual_literal,UNREVIEWED,"var icon := _image(toggle, ""Image"", ""toggle_on"" if value else ""toggle_off"", Rect2(0, 0, 208, 88))"
ui/settings_panel.gd,317,_boolean_row,visual_literal,UNREVIEWED,"var description := _label(page, node_name + ""Tips"", tips, Rect2(0, y + 250, 2345, 240), ""@PROMPT_TEXT"")"
ui/settings_panel.gd,321,_boolean_row,visual_literal,UNREVIEWED,"_image(page, node_name + ""Line"", ""rite_log_sperator"", Rect2(0, y + 557, 2345, 6))"
ui/settings_panel.gd,369,_texture,visual_literal,UNREVIEWED,"atlas.region = Rect2(frame.get(""x"", 0), frame.get(""y"", 0), frame.get(""w"", 0), frame.get(""h"", 0))"
ui/source_confirm_dialog.gd,31,button,visual_literal,UNREVIEWED,"var art := image(node, ""Image"", asset, Rect2(Vector2.ZERO, rect.size))"
ui/source_confirm_dialog.gd,40,button,visual_literal,UNREVIEWED,"node.mouse_entered.connect(func(): art.modulate = Color(1.15, 1.15, 1.15))"
ui/source_confirm_dialog.gd,74,full_background,visual_literal,UNREVIEWED,"var native_size := Vector2(2048, 1560) * (100.0 / 74.963394)"
ui/source_confirm_dialog.gd,75,full_background,visual_literal,UNREVIEWED,"var interior := image(full, ""RuntimeBackground"", ""prompt_full_item_bg"", Rect2(-native_size * 0.5, rect.size + native_size))"
ui/source_confirm_dialog.gd,80,_ready,visual_literal,UNREVIEWED,"size = Vector2(3840, 2160)"
ui/source_confirm_dialog.gd,84,_ready,visual_literal,UNREVIEWED,"mask.color = Color(0, 0, 0, 0.55)"
ui/source_confirm_dialog.gd,94,_ready,visual_literal,UNREVIEWED,"body.add_theme_color_override(""font_color"", Color(""d7ca96""))"
ui/source_confirm_dialog.gd,95,_ready,visual_literal,UNREVIEWED,"body.size = Vector2(2000, 0)"
ui/source_confirm_dialog.gd,96,_ready,visual_literal,UNREVIEWED,var height := body.get_minimum_size().y + 450.0
ui/source_confirm_dialog.gd,97,_ready,visual_literal,UNREVIEWED,"var bg := panel(self, Rect2((size - Vector2(2705, height)) / 2, Vector2(2705, height)))"
ui/source_confirm_dialog.gd,98,_ready,visual_literal,UNREVIEWED,"full_background(bg, Rect2(38, 52, 2629, height - 132))"
ui/source_confirm_dialog.gd,99,_ready,visual_literal,UNREVIEWED,"body.position = Vector2(352.5, 200)"
ui/source_confirm_dialog.gd,101,_ready,visual_literal,UNREVIEWED,"image(bg, ""Border"", ""decorate"", Rect2(2454, height - 325.5, 250, 323))"
ui/source_confirm_dialog.gd,103,_ready,visual_literal,UNREVIEWED,"var cancel := button(bg, ""Cancel"", ""rite_op_cancel"", Rect2(1817, height - 79, 168, 158), true)"
ui/source_confirm_dialog.gd,104,_ready,visual_literal,UNREVIEWED,"var confirm := button(bg, ""Confirm"", ""rite_op_confirm"", Rect2(2045, height - 79, 325, 158), true)"
ui/source_confirm_dialog.gd,124,_layout_content,visual_literal,UNREVIEWED,var height := 150.0 + 50.0 + content_height + 50.0 + 200.0
ui/source_confirm_dialog.gd,126,_layout_content,visual_literal,UNREVIEWED,bg.position = (size - bg.size) * 0.5
ui/source_confirm_tint.gd,7,<file>,constant;visual_literal,UNREVIEWED,"const HIGHLIGHT := Color(0.9607843, 0.9607843, 0.9607843, 1)"
ui/source_confirm_tint.gd,8,<file>,constant;visual_literal,UNREVIEWED,"const PRESSED := Color(0.78431374, 0.78431374, 0.78431374, 1)"
ui/source_confirm_tint.gd,9,<file>,constant;visual_literal,UNREVIEWED,"const DISABLED := Color(0.78431374, 0.78431374, 0.78431374, 0.5019608)"
ui/source_confirm_tint.gd,10,<file>,constant,UNREVIEWED,const FADE_SECONDS := 0.1
ui/source_confirm_tint.gd,30,_process,motion;visual_literal,UNREVIEWED,"graphic.modulate = _from.lerp(_target, clampf(elapsed / FADE_SECONDS, 0.0, 1.0))"
ui/source_hand_layout.gd,7,allocate,visual_literal,UNREVIEWED,"gap_index := -1, gap_width := 0.0) -> Dictionary:"
ui/source_hand_layout.gd,82,preview,declared_gap,UNREVIEWED,# The release frame clears IsSticky but does not yet insert a gap.
ui/source_layout_axis.gd,37,allocate,motion,UNREVIEWED,"var length := lerpf(float(minimum[i]), maxf(float(minimum[i]), float(preferred[i])), ratio)"
ui/source_menu_button.gd,5,decorate,visual_literal,UNREVIEWED,"static func decorate(button: Button, image_size := Vector2(668, 140)) -> void:"
ui/source_number.gd,10,<file>,visual_literal,UNREVIEWED,var glyph_height := 50.0
ui/source_prompt_icons.gd,35,_slot,visual_literal,UNREVIEWED,"var poses := [Vector2(280, 18), Vector2(430, 10), Vector2(580, 2)]"
ui/source_text_style.gd,70,_point_size,declared_gap,UNREVIEWED,# not yet shrink long content through the full TMP fitting algorithm.
ui/story_controller.gd,16,<file>,constant;visual_literal,UNREVIEWED,"const DESIGN_SPACE := Vector2(3840, 2160)"
ui/story_controller.gd,17,<file>,constant;visual_literal,UNREVIEWED,"const GROUP1_RECT := Rect2(180, 180, 1250, 1800)"
ui/story_controller.gd,18,<file>,constant;visual_literal,UNREVIEWED,"const GROUP2_RECT := Rect2(1600, 280, 1440, 1600)"
ui/story_controller.gd,63,_build_source_surface,visual_literal,UNREVIEWED,"var background := _texture_rect(""Background"", Rect2(Vector2.ZERO, DESIGN_SPACE), ""bg_1.png"")"
ui/story_controller.gd,76,_layout_design,visual_literal,UNREVIEWED,"_design.scale = Vector2(view_size.x / DESIGN_SPACE.x, view_size.y / DESIGN_SPACE.y)"
ui/story_controller.gd,82,_build_close,visual_literal,UNREVIEWED,"close.position = Vector2(3718.2, 32.7)"
ui/story_controller.gd,83,_build_close,visual_literal,UNREVIEWED,"close.size = Vector2(80, 82)"
ui/story_controller.gd,89,_build_close,visual_literal,UNREVIEWED,"var x := _texture_rect(""X"", Rect2(18.5, 22.5, 43, 37), ""close_2.png"")"
ui/story_controller.gd,96,_build_group1,visual_literal,UNREVIEWED,group.position = GROUP1_RECT.position
ui/story_controller.gd,100,_build_group1,visual_literal,UNREVIEWED,"var icon := _texture_rect(""Icon"", Rect2(0, 0, 131, 146), ""icon.png"")"
ui/story_controller.gd,102,_build_group1,visual_literal,UNREVIEWED,"var title := _label(""Title"", ""一千零一夜"", Rect2(151, 0, 650, 146), 80)"
ui/story_controller.gd,104,_build_group1,visual_literal,UNREVIEWED,"var point_icon := _texture_rect(""PointIcon"", Rect2(980, 18, 103, 110), ""point_0.png"")"
ui/story_controller.gd,106,_build_group1,visual_literal,UNREVIEWED,"_point_count = _label(""PointCount"", ""0"", Rect2(1103, 0, 127, 146), 50)"
ui/story_controller.gd,108,_build_group1,visual_literal,UNREVIEWED,"var desc := _label(""Desc"", ""根据提示完成一千零一夜的故事，可以获得命运点。"", Rect2(0, 166, 1250, 100), 36)"
ui/story_controller.gd,114,_build_group1,visual_literal,UNREVIEWED,"scroll.position = Vector2(0, 286)"
ui/story_controller.gd,115,_build_group1,visual_literal,UNREVIEWED,"scroll.size = Vector2(1250, 1374)"
ui/story_controller.gd,119,_build_group1,visual_literal,UNREVIEWED,"_list.custom_minimum_size = Vector2(1110, 0)"
ui/story_controller.gd,126,_build_group1,visual_literal,UNREVIEWED,"_all_button.position = Vector2(930, 1690)"
ui/story_controller.gd,127,_build_group1,visual_literal,UNREVIEWED,"_all_button.size = Vector2(220, 96)"
ui/story_controller.gd,138,_build_group2,visual_literal,UNREVIEWED,group.position = GROUP2_RECT.position
ui/story_controller.gd,142,_build_group2,visual_literal,UNREVIEWED,"var reward_bg := _texture_rect(""RewardBG"", Rect2(0, 336, 192, 264), ""reward_bg.png"")"
ui/story_controller.gd,144,_build_group2,visual_literal,UNREVIEWED,"var reward_title := _label(""Title"", ""奖励"", Rect2(-4, -40, 200, 70), 60)"
ui/story_controller.gd,147,_build_group2,visual_literal,UNREVIEWED,"_reward_state = _texture_rect(""State"", Rect2(0, 0, 192, 264), ""reward_point.png"")"
ui/story_controller.gd,149,_build_group2,visual_literal,UNREVIEWED,"_reward_count = _label(""Text"", ""+0"", Rect2(50, 164, 92, 50), 36)"
ui/story_controller.gd,154,_build_group2,visual_literal,UNREVIEWED,"_reward_button.size = Vector2(192, 264)"
ui/story_controller.gd,159,_build_group2,visual_literal,UNREVIEWED,"var reward_copy := _label(""Text"", ""领取"", Rect2(20, 172, 152, 60), 40)"
ui/story_controller.gd,163,_build_group2,visual_literal,UNREVIEWED,"_quest_title = _label(""QuestTitle"", """", Rect2(250, 300, 1150, 90), 60)"
ui/story_controller.gd,165,_build_group2,visual_literal,UNREVIEWED,"_quest_desc = _label(""QuestDesc"", """", Rect2(250, 400, 1150, 200), 36)"
ui/story_controller.gd,168,_build_group2,visual_literal,UNREVIEWED,"group.add_child(_texture_rect(""Seperator"", Rect2(0, 630, 1440, 30), ""slash.png""))"
ui/story_controller.gd,172,_build_group2,visual_literal,UNREVIEWED,"target_scroll.position = Vector2(0, 710)"
ui/story_controller.gd,173,_build_group2,visual_literal,UNREVIEWED,"target_scroll.size = Vector2(1440, 870)"
ui/story_controller.gd,262,_update_reward_state,visual_literal,UNREVIEWED,"_reward_state.modulate = Color.WHITE if complete else Color(0.45, 0.45, 0.45, 1)"
ui/story_item_controller.gd,11,<file>,constant;visual_literal,UNREVIEWED,"const SOURCE_SIZE := Vector2(1110, 140)"
ui/story_item_controller.gd,58,_build_source_surface,visual_literal,UNREVIEWED,"_highlight = _texture_rect(""Hightlight"", Rect2(310, 15, 800, 110), ""hightlight.png"")"
ui/story_item_controller.gd,61,_build_source_surface,visual_literal,UNREVIEWED,"add_child(_texture_rect(""Bottom"", Rect2(0, 125, 1110, 30), ""slash.png""))"
ui/story_item_controller.gd,65,_build_source_surface,visual_literal,UNREVIEWED,"_title.position = Vector2(70, 40)"
ui/story_item_controller.gd,66,_build_source_surface,visual_literal,UNREVIEWED,"_title.size = Vector2(800, 80)"
ui/story_item_controller.gd,72,_build_source_surface,visual_literal,UNREVIEWED,"_red_dot = _texture_rect(""RedDot"", Rect2(5.5, 66.5, 57, 57), ""new.png"")"
ui/story_item_controller.gd,78,_build_source_surface,visual_literal,UNREVIEWED,"_finish_tag.position = Vector2(910, 55)"
ui/story_item_controller.gd,79,_build_source_surface,visual_literal,UNREVIEWED,"_finish_tag.size = Vector2(200, 50)"
ui/story_item_controller.gd,88,_build_source_surface,visual_literal,UNREVIEWED,"_finish.position = Vector2(971, 28)"
ui/story_item_controller.gd,89,_build_source_surface,visual_literal,UNREVIEWED,"_finish.size = Vector2(109, 114)"
ui/story_item_controller.gd,95,_build_source_surface,visual_literal,UNREVIEWED,"_finish_icon = _texture_rect(""State"", Rect2(19.5, 18.5, 70, 77), ""point.png"")"
ui/story_notify_controller.gd,10,<file>,constant;visual_literal,UNREVIEWED,"const SOURCE_SIZE := Vector2(630, 444)"
ui/story_notify_controller.gd,11,<file>,constant,UNREVIEWED,const ENTER_SECONDS := 0.33333334
ui/story_notify_controller.gd,12,<file>,constant,UNREVIEWED,const HOLD_SECONDS := 5.0
ui/story_notify_controller.gd,13,<file>,constant,UNREVIEWED,const EXIT_SECONDS := 0.33333316
ui/story_notify_controller.gd,21,<file>,visual_literal,UNREVIEWED,var _scale_factor := Vector2.ONE
ui/story_notify_controller.gd,51,_build_source_surface,visual_literal,UNREVIEWED,"_title.position = Vector2(15, 73)"
ui/story_notify_controller.gd,52,_build_source_surface,visual_literal,UNREVIEWED,"_title.size = Vector2(600, 50)"
ui/story_notify_controller.gd,56,_build_source_surface,visual_literal,UNREVIEWED,"_title.add_theme_color_override(""font_color"", Color(1.0, 0.9764706, 0.6862745))"
ui/story_notify_controller.gd,65,_build_source_surface,visual_literal,UNREVIEWED,"icon.position = Vector2(193.5, 207)"
ui/story_notify_controller.gd,66,_build_source_surface,visual_literal,UNREVIEWED,"icon.size = Vector2(103, 110)"
ui/story_notify_controller.gd,72,_build_source_surface,visual_literal,UNREVIEWED,"_point_count.position = Vector2(316.5, 237)"
ui/story_notify_controller.gd,73,_build_source_surface,visual_literal,UNREVIEWED,"_point_count.size = Vector2(100, 50)"
ui/story_notify_controller.gd,77,_build_source_surface,visual_literal,UNREVIEWED,"_point_count.add_theme_color_override(""font_color"", Color(0.63529414, 0.5568628, 0.34509805))"
ui/story_notify_controller.gd,83,apply_source_layout,visual_literal,UNREVIEWED,"_scale_factor = Vector2(view_size.x / 3840.0, view_size.y / 2160.0)"
ui/story_notify_controller.gd,108,_process,visual_literal,UNREVIEWED,var duration := ENTER_SECONDS if _phase == 0 else (HOLD_SECONDS if _phase == 1 else EXIT_SECONDS)
ui/story_notify_controller.gd,120,_design_y,motion,UNREVIEWED,"return lerpf(-SOURCE_SIZE.y, 0.0, _smoothstep(_phase_time / ENTER_SECONDS))"
ui/story_notify_controller.gd,124,_design_y,motion,UNREVIEWED,"return lerpf(0.0, -SOURCE_SIZE.y, _smoothstep(_phase_time / EXIT_SECONDS))"
ui/story_notify_controller.gd,128,_smoothstep,motion,UNREVIEWED,static func _smoothstep(value: float) -> float:
ui/story_target_item_controller.gd,7,<file>,constant;visual_literal,UNREVIEWED,"const SOURCE_SIZE := Vector2(1600, 80)"
ui/story_target_item_controller.gd,35,_build_source_surface,visual_literal,UNREVIEWED,"_state_icon.position = Vector2(32, 11.5)"
ui/story_target_item_controller.gd,36,_build_source_surface,visual_literal,UNREVIEWED,"_state_icon.size = Vector2(56, 57)"
ui/story_target_item_controller.gd,44,_build_source_surface,visual_literal,UNREVIEWED,"_text.position = Vector2(120, 0)"
ui/story_target_item_controller.gd,45,_build_source_surface,visual_literal,UNREVIEWED,"_text.size = Vector2(1480, 80)"
ui/theme.gd,9,<file>,constant;visual_literal,UNREVIEWED,"const BG_DEEP := Color(""#161210"")      # window background"
ui/theme.gd,10,<file>,constant;visual_literal,UNREVIEWED,"const BG_PANEL := Color(""#241d18"")      # card / panel fill"
ui/theme.gd,11,<file>,constant;visual_literal,UNREVIEWED,"const BG_PANEL_LIGHT := Color(""#332a22"")"
ui/theme.gd,12,<file>,constant;visual_literal,UNREVIEWED,"const BORDER := Color(""#5a4a38"")"
ui/theme.gd,13,<file>,constant;visual_literal,UNREVIEWED,"const GOLD := Color(""#c9a96a"")          # primary accent"
ui/theme.gd,14,<file>,constant;visual_literal,UNREVIEWED,"const GOLD_BRIGHT := Color(""#e0c486"")"
ui/theme.gd,15,<file>,constant;visual_literal,UNREVIEWED,"const TEXT := Color(""#e8dcc8"")          # warm off-white"
ui/theme.gd,16,<file>,constant;visual_literal,UNREVIEWED,"const TEXT_DIM := Color(""#a89880"")"
ui/theme.gd,17,<file>,constant;visual_literal,UNREVIEWED,"const DANGER := Color(""#9b3232"")        # sudan card threat"
ui/theme.gd,18,<file>,constant;visual_literal,UNREVIEWED,"const DANGER_LIGHT := Color(""#c04545"")"
ui/theme.gd,19,<file>,constant;visual_literal,UNREVIEWED,"const SUCCESS := Color(""#5a8a4a"")"
ui/theme.gd,21,<file>,visual_literal,UNREVIEWED,"""岩石"": Color(""#8a8a8a""),"
ui/theme.gd,22,<file>,visual_literal,UNREVIEWED,"""青铜"": Color(""#b08d57""),"
ui/theme.gd,23,<file>,visual_literal,UNREVIEWED,"""白银"": Color(""#cfd8dc""),"
ui/theme.gd,24,<file>,visual_literal,UNREVIEWED,"""黄金"": Color(""#e0b33a""),"
ui/theme.gd,63,_build,visual_literal,UNREVIEWED,"var btn_pressed := _make_style(Color(""#1e1813""), GOLD_BRIGHT, 2)"
ui/theme.gd,64,_build,visual_literal,UNREVIEWED,"var btn_disabled := _make_style(BG_DEEP, Color(""#3a3028""), 2)"
ui/theme.gd,69,_build,visual_literal,UNREVIEWED,"t.set_stylebox(""focus"", ""Button"", _make_style(Color(0,0,0,0), Color(0,0,0,0), 0))"
ui/theme.gd,78,_build,visual_literal,UNREVIEWED,"t.set_stylebox(""bg"", ""ScrollContainer"", _make_style(Color(0,0,0,0.0), Color(0,0,0,0), 0))"
ui/theme.gd,81,_build,visual_literal,UNREVIEWED,"t.set_stylebox(""background"", ""ProgressBar"", _make_style(Color(""#100c0a""), Color(""#2a2218""), 1))"
ui/theme.gd,82,_build,visual_literal,UNREVIEWED,"t.set_stylebox(""fill"", ""ProgressBar"", _make_style(DANGER, Color(0,0,0,0), 0))"
ui/user_archive_panel.gd,21,<file>,constant;visual_literal,UNREVIEWED,"const DESIGN_SPACE := Vector2(3840, 2160)"
ui/user_archive_panel.gd,22,<file>,constant,UNREVIEWED,const SLOT_COUNT := 50
ui/user_archive_panel.gd,23,<file>,constant;visual_literal,UNREVIEWED,"const ITEM_SIZE := Vector2(2760, 240)"
ui/user_archive_panel.gd,24,<file>,constant;visual_literal,UNREVIEWED,"const ITEM_RUNTIME_SIZE := Vector2(2471.2, 240)"
ui/user_archive_panel.gd,25,<file>,constant;visual_literal,UNREVIEWED,"const LEFT_RECT := Rect2(200, 300, 875.2, 1560)"
ui/user_archive_panel.gd,26,<file>,constant;visual_literal,UNREVIEWED,"const SCROLL_RECT := Rect2(1228.8, 200, 2511.2, 1760)"
ui/user_archive_panel.gd,27,<file>,constant,UNREVIEWED,const MAX_ARCHIVE_NAME_LENGTH := 20
ui/user_archive_panel.gd,53,refresh_archives,visual_literal,UNREVIEWED,"item.position = Vector2(0, ITEM_SIZE.y * index)"
ui/user_archive_panel.gd,77,apply_source_layout,visual_literal,UNREVIEWED,position = Vector2.ZERO
ui/user_archive_panel.gd,79,apply_source_layout,visual_literal,UNREVIEWED,"scale = Vector2(view_size.x / DESIGN_SPACE.x, view_size.y / DESIGN_SPACE.y)"
ui/user_archive_panel.gd,88,_build_source_tree,visual_literal,UNREVIEWED,background.position = Vector2.ZERO
ui/user_archive_panel.gd,96,_build_source_tree,visual_literal,UNREVIEWED,"close.position = Vector2(3718.2, 45.3)"
ui/user_archive_panel.gd,97,_build_source_tree,visual_literal,UNREVIEWED,"close.size = Vector2(80, 82)"
ui/user_archive_panel.gd,111,_build_source_tree,visual_literal,UNREVIEWED,"close_text.position = (close.size - Vector2(43, 37)) / 2"
ui/user_archive_panel.gd,112,_build_source_tree,visual_literal,UNREVIEWED,"close_text.size = Vector2(43, 37)"
ui/user_archive_panel.gd,124,_build_source_tree,visual_literal,UNREVIEWED,header.position = Vector2.ZERO
ui/user_archive_panel.gd,125,_build_source_tree,visual_literal,UNREVIEWED,"header.size = Vector2(LEFT_RECT.size.x, 104)"
ui/user_archive_panel.gd,133,_build_source_tree,visual_literal,UNREVIEWED,"icon.custom_minimum_size = Vector2(132, 132)"
ui/user_archive_panel.gd,146,_build_source_tree,visual_literal,UNREVIEWED,"desc.position = Vector2(0, 140)"
ui/user_archive_panel.gd,147,_build_source_tree,visual_literal,UNREVIEWED,"desc.size = Vector2(LEFT_RECT.size.x, 300)"
ui/user_archive_panel.gd,170,_build_source_tree,visual_literal,UNREVIEWED,"content.custom_minimum_size = Vector2(0, ITEM_SIZE.y * SLOT_COUNT)"
ui/user_archive_panel.gd,174,_build_source_tree,visual_literal,UNREVIEWED,"item.position = Vector2(0, ITEM_SIZE.y * index)"
ui/user_archive_panel.gd,190,_make_archive_item,visual_literal,UNREVIEWED,"var highlight := SourceDialog.image(item, ""Highlight"", ""hightlight"", Rect2(Vector2.ZERO, ITEM_RUNTIME_SIZE))"
ui/user_archive_panel.gd,194,_make_archive_item,visual_literal,UNREVIEWED,"SourceDialog.image(item, ""footer"", ""slash"", Rect2(0, 210, ITEM_RUNTIME_SIZE.x, 30))"
ui/user_archive_panel.gd,199,_make_archive_item,visual_literal,UNREVIEWED,"empty.position = Vector2(0, 88)"
ui/user_archive_panel.gd,200,_make_archive_item,visual_literal,UNREVIEWED,"empty.size = Vector2(ITEM_RUNTIME_SIZE.x, 80)"
ui/user_archive_panel.gd,203,_make_archive_item,visual_literal,UNREVIEWED,"empty.add_theme_color_override(""font_color"", Color(0.65, 0.6, 0.5))"
ui/user_archive_panel.gd,215,_make_archive_item,visual_literal,UNREVIEWED,"title_row.position = Vector2(0, 20)"
ui/user_archive_panel.gd,216,_make_archive_item,visual_literal,UNREVIEWED,"title_row.size = Vector2(2000, 80)"
ui/user_archive_panel.gd,232,_make_archive_item,visual_literal,UNREVIEWED,"var rename := SourceDialog.button(title_row, ""ModifyName"", ""user_archive_modify_name"", Rect2(0, 0, 100, 56))"
ui/user_archive_panel.gd,233,_make_archive_item,visual_literal,UNREVIEWED,"rename.custom_minimum_size = Vector2(100, 56)"
ui/user_archive_panel.gd,238,_make_archive_item,visual_literal,UNREVIEWED,"desc.position = Vector2(100, 120)"
ui/user_archive_panel.gd,239,_make_archive_item,visual_literal,UNREVIEWED,"desc.size = Vector2(ITEM_RUNTIME_SIZE.x - 100, 90)"
ui/user_archive_panel.gd,244,_make_archive_item,visual_literal,UNREVIEWED,"var delete := SourceDialog.button(content, ""Delete"", ""delete"", Rect2(ITEM_RUNTIME_SIZE.x - 343, 35.82, 168, 158))"
ui/user_archive_panel.gd,247,_make_archive_item,visual_literal,UNREVIEWED,"var load := SourceDialog.button(content, ""Load"", ""rite_op_confirm"", Rect2(ITEM_RUNTIME_SIZE.x - 634, 34.82, 328, 160))"
ui/user_archive_panel.gd,342,_open_name_input,visual_literal,UNREVIEWED,_name_popup.position = Vector2.ZERO
ui/user_archive_panel.gd,348,_open_name_input,visual_literal,UNREVIEWED,"mask.color = Color(0, 0, 0, 0.55)"
ui/user_archive_panel.gd,354,_open_name_input,visual_literal,UNREVIEWED,"var prompt := SourceDialog.panel(_name_popup, Rect2((DESIGN_SPACE - Vector2(2534.4, 635.23)) / 2, Vector2(2534.4, 635.23)))"
ui/user_archive_panel.gd,355,_open_name_input,visual_literal,UNREVIEWED,"SourceDialog.full_background(prompt, Rect2(37.24, 50.775, 2458.66, 500.04))"
ui/user_archive_panel.gd,361,_open_name_input,visual_literal,UNREVIEWED,"portrait.position = Vector2(2024.9, -458.77)"
ui/user_archive_panel.gd,362,_open_name_input,visual_literal,UNREVIEWED,"portrait.size = Vector2(471, 1028)"
ui/user_archive_panel.gd,367,_open_name_input,visual_literal,UNREVIEWED,"_name_input.position = Vector2(839.2, 253.62)"
ui/user_archive_panel.gd,368,_open_name_input,visual_literal,UNREVIEWED,"_name_input.size = Vector2(826, 90)"
ui/user_archive_panel.gd,379,_open_name_input,visual_literal,UNREVIEWED,"SourceDialog.image(prompt, ""Border"", ""decorate"", Rect2(2295.9, 310.98, 235.99, 324.51))"
ui/user_archive_panel.gd,380,_open_name_input,visual_literal,UNREVIEWED,"_name_confirm = SourceDialog.button(prompt, ""Confirm"", ""rite_op_confirm"", Rect2(1924.2, 477.23, 325, 158))"
ui/user_archive_panel.gd,382,_open_name_input,visual_literal,UNREVIEWED,"var cancel := SourceDialog.button(prompt, ""Cancel"", ""rite_op_cancel"", Rect2(1701.4, 477.23, 168, 158))"
ui/user_archive_panel.gd,418,_confirm_delete,visual_literal,UNREVIEWED,"confirmation.position = Vector2(34, 29)"
ui/user_archive_panel.gd,419,_confirm_delete,visual_literal,UNREVIEWED,"confirmation.size = Vector2(100, 100)"
ui/user_archive_panel.gd,424,_confirm_delete,visual_literal,UNREVIEWED,"var accept := SourceDialog.button(confirmation, ""Confirm"", ""rite_op_confirm"", Rect2(46, 125, 164, 80))"
ui/user_archive_panel.gd,425,_confirm_delete,visual_literal,UNREVIEWED,"var cancel := SourceDialog.button(confirmation, ""Close"", ""rite_op_cancel"", Rect2(-78, 126, 84, 79))"
sim/condition.gd,765,_have_domain,empty_body,UNREVIEWED,pass
sim/game_state.gd,49,<file>,constant,UNREVIEWED,const GOLD_CARD_ID := 2000029
sim/game_state.gd,71,<file>,visual_literal,UNREVIEWED,var world_position_ratio := 0.5
sim/game_state.gd,85,<file>,constant,UNREVIEWED,const COUNTER_GOLD_DICE := 7100006
sim/game_state.gd,101,<file>,constant,UNREVIEWED,const COUNTER_BACK_TO_PREV := 7100007
sim/game_state.gd,102,<file>,constant,UNREVIEWED,const UNLIMIT_BACK_TO_PREV_TIMES := 9999
sim/game_state.gd,129,<file>,declared_gap,UNREVIEWED,"# Sudan cards in play (drawn, not yet consumed): each {id, days_left, ...}."
sim/game_state.gd,796,setup_new_run,visual_literal,UNREVIEWED,world_position_ratio = 0.5
sim/game_state.gd,1938,schedule_delay,visual_literal,UNREVIEWED,"var delay_round := maxi(int(payload.get(""round"", 0)), 0)"
sim/global_extensions.gd,49,refresh_quest,empty_body,UNREVIEWED,pass
sim/global_state.gd,20,<file>,constant,UNREVIEWED,const ROLLBACK_NONE := 0
sim/global_state.gd,21,<file>,constant,UNREVIEWED,const ROLLBACK_TO_BEGIN := 1
sim/global_state.gd,22,<file>,constant,UNREVIEWED,const ROLLBACK_TO_PREV_END := 2
sim/global_state.gd,23,<file>,constant,UNREVIEWED,const ROLLBACK_TO_PREV_BEGIN := 3
sim/original_save_importer.gd,26,<file>,constant,UNREVIEWED,const SUDAN_ID_MIN := 2010001
sim/original_save_importer.gd,27,<file>,constant,UNREVIEWED,const SUDAN_ID_MAX := 2010016
sim/original_save_importer.gd,28,<file>,constant,UNREVIEWED,const GOLD_CARD_ID := 2000029
sim/original_save_importer.gd,417,summary_markdown,declared_gap,UNREVIEWED,"lines.append(""\n## 近似（%d 项，防静默）\n"" % report[""approximated""].size())"
sim/over_record_store.gd,14,<file>,constant,UNREVIEWED,const MAX_VISIBLE_RECORDS := 200
sim/result.gd,369,_apply_key,visual_literal,UNREVIEWED,# delay_off: value 1 clears every delay op; explicit ids remove by id.
sim/result.gd,916,_apply_copy_slot,declared_gap,UNREVIEWED,# clones runtime tags onto the copy is not yet source-confirmed; this clone
sim/save_system.gd,12,<file>,constant,UNREVIEWED,const SAVE_VERSION := 8
sim/save_system.gd,18,<file>,constant,UNREVIEWED,const MIN_LOADABLE_SAVE_VERSION := 5
sim/save_system.gd,22,<file>,constant,UNREVIEWED,const MAX_USER_ARCHIVE_COUNT := 50
sim/save_system.gd,188,deserialize,visual_literal,UNREVIEWED,"state.world_position_ratio = clampf(float(data.get(""world_position_ratio"", 0.5)), 0.04, 0.96)"
core/counter.gd,14,<file>,constant,UNREVIEWED,const SPECIAL_NONNEG_ID := 0x6c5667
core/scope_filter.gd,22,<file>,constant,UNREVIEWED,const Friend := 2
core/scope_filter.gd,23,<file>,constant,UNREVIEWED,const Enemy := 4
core/scope_filter.gd,24,<file>,constant,UNREVIEWED,const All := 6
core/scope_filter.gd,25,<file>,constant,UNREVIEWED,const Self := 8
core/scope_filter.gd,26,<file>,constant,UNREVIEWED,const Parent := 16
core/scope_filter.gd,28,<file>,constant,UNREVIEWED,const FLAG_CARD_ID := 0x40000000
core/scope_filter.gd,29,<file>,constant,UNREVIEWED,const FLAG_NOT_CARD := 0x20000000
core/scope_filter.gd,30,<file>,constant,UNREVIEWED,const FLAG_TAG := 0x80000000
